"","NMDGF","sample_year","NK","length_mm_1","length_mm_2","length_mm_3","anterior_width","poserior_width","width_2nd_curve","width_straight_mdpt","mass_trachea+syrinx","segment_count1","segment_count2","tail","wing.chord","anterior.culmen","posterior.culmen","tarsus","mass","width_1st_curve","mean_trachea_length","segment_count_mean","trachea.diameter","segment_width","prop_trachea","log_mass","mass13","log_mtl","BMI.tars","BMI.trach","BMI.wing","taxon_name","sex","bursa","data.origin","r"
"1",5,2020,281703,757,761,758,16.01,9.93,10.02,10.17,27.3,285,290,170,440,NA,NA,185,3450,9.66,758.666666666667,287.5,NA,2.61609195402299,0.219903381642512,3.53781909507327,15.1102980787737,2.88005100300337,10.5843681519357,0.629370507874636,1.87112603305785,"Antigone canadensis canadensis","M","N","MSB",0.084981536919266
"2",80,2020,281743,662,667,664,13.23,9.5,8.85,8.3,16.8,286,276,175,485,64.25,78.84,188,3850,NA,664.333333333333,281,NA,2.40700483091787,0.172554112554113,3.5854607295085,15.6730520724067,2.82238604398083,11.4375848800362,0.915963020597178,1.71856732915294,"Antigone canadensis canadensis","M",NA,"MSB",0.0012553817073005
"3",105,2020,281749,774,771,768,15.7,9.79,11.12,10.61,24.6,321,326,195,540,85.8,111.6,223,5650,9.79,771,323.5,NA,2.36503067484663,0.13646017699115,3.75204844781944,17.8107749432321,2.88705437805096,11.9296587504273,0.9979964369887,2.03446502057613,"Antigone canadensis tabida","M","N","MSB",0.0258782218314666
"4",27,2020,281775,713,708,715,15.51,9.57,10.11,9.26,24.1,299,289,195,500,70.91,87.76,230,4900,9.06,712,294,NA,2.4636678200692,0.14530612244898,3.69019608002851,16.9849925224181,2.85247999363686,9.72589792060491,1.01490499936877,2.058,"Antigone canadensis tabida","F",NA,"MSB",0.0320922815948477
"5",86,2020,281799,530,533,535,13.48,9.52,10.37,8.25,12.3,251,251,190,510,75.88,86.62,227,4700,9.66,532.666666666667,251,NA,2.12217795484728,0.113333333333333,3.67209785793572,16.7506868360223,2.72645552025831,9.57713132410876,1.73930648604874,1.89734717416378,"Antigone canadensis tabida","F","N","MSB",-0.0819973484153909
"6",89,2020,281802,576,581,580,14.96,9.97,10.79,9.1,16.1,286,286,167,495,71.6,90.46,216,4550,8.97,579,286,NA,2.02447552447552,0.127252747252747,3.65801139665711,16.5705579634347,2.76267856372744,10.2398405349794,1.42509418597367,1.94980104071013,"Antigone canadensis tabida","F","N","MSB",-0.0364850107762705
"7",98,2020,281810,609,608,610,14.43,9.36,8.91,9.98,21.7,270,270,190,511,76.17,95.07,228,4900,8.17,609,270,NA,2.25555555555556,0.124285714285714,3.69019608002851,16.9849925224181,2.78461729263288,9.89727608494922,1.38723741577487,1.97035091011447,"Antigone canadensis tabida","F",NA,"MSB",-0.0357704194091337
"8",57,2020,281827,650,645,648,14.33,9.18,10.32,8.62,17,276,279,209,520,90.15,108.78,234,4950,9.26,647.666666666667,277.5,NA,2.32138590203106,0.130841750841751,3.69460519893357,17.0425692085873,2.81135154588012,9.49211045364891,1.23905734429703,1.92215236686391,"Antigone canadensis tabida","F",NA,"MSB",-0.0119437525123196
"9",62,2020,281829,654,650,653,15.7,10.4,10.31,10.16,19.3,256,262,195,534,85.22,105.95,235,4900,10.1,652.333333333333,259,NA,2.48982188295165,0.13312925170068,3.69019608002851,16.9849925224181,2.81446957093834,9.31643277501132,1.20905550062156,1.80427555443336,"Antigone canadensis tabida","F","N","MSB",-0.00591814110367018
"10",79,2020,281846,688,692,695,16.44,10.87,10.34,10.56,21.8,302,307,209,537,87.88,105.55,225,5350,12.5,691.666666666667,304.5,NA,2.25298588490771,0.129283489096573,3.72835378202123,17.4897899626765,2.83989684632845,11.0962962962963,1.17421977064886,1.94802492639639,"Antigone canadensis tabida","M","N","MSB",-0.00565390074775129
"11",188,2021,281852,605,603,604,14.21,9.59,9.32,8.67,15.5,289,284,NA,NA,NA,NA,NA,3700,10.54,604,286.5,NA,2.12676056338028,0.163243243243243,3.568201724067,15.4668037377204,2.78103693862113,NA,1.06492039822815,NA,"Antigone canadensis canadensis","M","N","MSB",-0.0306526049297163
"12",196,2021,281854,662,660,663,14.2,9.99,10.4,9.22,12.7,293,283,NA,NA,NA,NA,NA,3250,10.6,661.666666666667,288,NA,2.33804475853946,0.203589743589744,3.51188336097887,14.8124803420369,2.82063925637947,NA,0.779460563800291,NA,"Antigone canadensis canadensis","M","N","MSB",0.039757302175751
"13",220,2021,281858,644,645,644,13.95,10.6,8.99,9.56,19.6,304,307,NA,NA,NA,NA,NA,3950,10.58,644.333333333333,305.5,NA,2.09880564603692,0.163122362869198,3.59659709562646,15.8075912888041,2.80911059930889,NA,0.998999327978752,NA,"Antigone canadensis canadensis","M","N","MSB",-0.0181119409129427
"14",NA,2009,170348,721,NA,NA,NA,10.9,NA,NA,NA,NA,NA,NA,NA,NA,NA,NA,4992,NA,721,NA,NA,NA,0.14443108974359,3.69827457667437,17.0906347267917,2.85793526471943,NA,1.00830830965622,NA,"Antigone canadensis tabida","F","N","MSB",0.0322202010941925
"15",NA,2009,170349,788,NA,NA,NA,10.8,NA,NA,NA,NA,NA,NA,NA,NA,NA,NA,5807,NA,788,NA,NA,NA,0.135698295161013,3.76395182603332,17.9742429961238,2.89652621748956,NA,0.981948452678503,NA,"Antigone canadensis tabida","M",NA,"MSB",0.0275003977059872
"16",NA,2009,170353,710,NA,NA,NA,11.9,NA,NA,NA,NA,NA,NA,NA,NA,NA,NA,5256,NA,710,NA,NA,NA,0.135083713850837,3.72065535655172,17.3867517068787,2.85125834871908,NA,1.09478278119421,NA,"Antigone canadensis tabida","F","N","MSB",0.0107843159018792
"17",NA,2009,170354,768,NA,NA,NA,11.8,NA,NA,NA,NA,NA,NA,NA,NA,NA,NA,6121,NA,768,NA,NA,NA,0.125469694494364,3.78682237949919,18.2925447649908,2.88536122003151,NA,1.08965555826823,NA,"Antigone canadensis tabida","M",NA,"MSB",0.00125345065300373
"18",NA,2009,170390,695,NA,NA,NA,12.5,NA,NA,NA,NA,NA,NA,NA,NA,NA,NA,5155,NA,695,NA,NA,NA,0.134820562560621,3.71222866961954,17.2746619171041,2.84198480459011,NA,1.1205941721443,NA,"Antigone canadensis tabida","M",NA,"MSB",0.00706773687886952
"19",NA,2009,170391,677,NA,NA,NA,8.9,NA,NA,NA,NA,NA,NA,NA,NA,NA,NA,3150,NA,677,NA,NA,NA,0.214920634920635,3.4983105537896,14.6589720887824,2.83058866868514,NA,0.721643186444672,NA,"Antigone canadensis canadensis","M",NA,"MSB",0.0571313881978923
"20",NA,2009,170392,601,NA,NA,NA,9.3,NA,NA,NA,NA,NA,NA,NA,NA,NA,NA,3169,NA,601,NA,NA,NA,0.189649731776586,3.5009222391903,14.6883860941191,2.77887447200274,NA,0.921218379794076,NA,"Antigone canadensis canadensis","F",NA,"MSB",0.00398853260360201
"21",NA,2009,170395,668,NA,NA,NA,11.1,NA,NA,NA,NA,NA,NA,NA,NA,NA,NA,4705,NA,668,NA,NA,NA,0.141976620616366,3.67255962776328,16.7566246907685,2.82477646247555,NA,1.10712332819391,NA,"Antigone canadensis tabida","F",NA,"MSB",0.0160190804338541
"22",NA,2009,170396,614,NA,NA,NA,10.2,NA,NA,NA,NA,NA,NA,NA,NA,NA,NA,5165,NA,614,NA,NA,NA,0.118877057115198,3.71307032585564,17.2858248681377,2.78816837114117,NA,1.4385431145158,NA,"Antigone canadensis tabida","F",NA,"MSB",-0.0473037254174602
"23",NA,2009,170398,724,NA,NA,NA,11.4,NA,NA,NA,NA,NA,NA,NA,NA,NA,NA,4854,NA,724,NA,NA,NA,0.149155335805521,3.68609977199592,16.9316750120634,2.85973856619715,NA,0.972326088947224,NA,"Antigone canadensis tabida","F","N","MSB",0.0420521578802623
"24",NA,2009,170399,785,NA,NA,NA,12,NA,NA,NA,NA,NA,NA,NA,NA,NA,NA,6046,NA,785,NA,NA,NA,0.129837909361561,3.7814681428418,18.2175252837974,2.89486965674525,NA,1.03019189419449,NA,"Antigone canadensis tabida","M","N","MSB",0.0142927300945628
"25",NA,2009,170400,800,NA,NA,NA,11.1,NA,NA,NA,NA,NA,NA,NA,NA,NA,NA,6106,NA,800,NA,NA,NA,0.131018670160498,3.78575679996264,18.2775900945208,2.90308998699194,NA,1.001765625,NA,"Antigone canadensis tabida","M","N","MSB",0.0196849123201267
"26",NA,2009,170401,749,NA,NA,NA,11.8,NA,NA,NA,NA,NA,NA,NA,NA,NA,NA,5825,NA,749,NA,NA,NA,0.128583690987124,3.76529592969806,17.9927954706696,2.87448181769947,NA,1.09023869832674,NA,"Antigone canadensis tabida","M","N","MSB",0.0045696309221077
"27",NA,2009,170402,784,NA,NA,NA,12,NA,NA,NA,NA,NA,NA,NA,NA,NA,NA,5691,NA,784,NA,NA,NA,0.137761377613776,3.75518858560832,17.8537532613985,2.89431606268444,NA,0.972177933673469,NA,"Antigone canadensis tabida","M","N","MSB",0.0310691476648258
"28",NA,2009,170403,709,NA,NA,NA,11.5,NA,NA,NA,NA,NA,NA,NA,NA,NA,NA,5334,NA,709,NA,NA,NA,0.132920884889389,3.72705301135386,17.472337248116,2.85064623518307,NA,1.11416584275117,NA,"Antigone canadensis tabida","M","Y","MSB",0.00595327922543942
"29",NA,2009,170404,636,NA,NA,NA,9.5,NA,NA,NA,NA,NA,NA,NA,NA,NA,NA,3586,NA,636,NA,NA,NA,0.177356385945343,3.55461028522616,15.3062955566212,2.80345711564841,NA,0.930862109884894,NA,"Antigone canadensis canadensis","M","Y","MSB",-0.0007975621946053
"30",NA,2009,170405,580,NA,NA,NA,9,NA,NA,NA,NA,NA,NA,NA,NA,NA,NA,3172,NA,580,NA,NA,NA,0.182849936948298,3.50133317864557,14.6930196547085,2.76342799356294,NA,0.990071343638526,NA,"Antigone canadensis canadensis","F","N","MSB",-0.011682740260082
"31",NA,2009,170406,634,NA,NA,NA,9.7,NA,NA,NA,NA,NA,NA,NA,NA,NA,NA,3498,NA,634,NA,NA,NA,0.181246426529445,3.54381980514266,15.1800523188512,2.80208925788173,NA,0.913756729592294,NA,"Antigone canadensis canadensis","M","Y","MSB",0.00373724945314374
"32",NA,2009,170410,802,NA,NA,NA,11.2,NA,NA,NA,NA,NA,NA,NA,NA,NA,NA,5770,NA,802,NA,NA,NA,0.138994800693241,3.76117581315573,17.9359866108571,2.90417436828416,NA,0.941925112406018,NA,"Antigone canadensis tabida","M","N","MSB",0.0369791857152673
"33",NA,2009,170411,749,NA,NA,NA,10.8,NA,NA,NA,NA,NA,NA,NA,NA,NA,NA,5814,NA,749,NA,NA,NA,0.128826969384245,3.76447502743441,17.9814623967723,2.87448181769947,NA,1.08817987846724,NA,"Antigone canadensis tabida","M","N","MSB",0.00511097359582925
"34",NA,2009,170412,820,NA,NA,NA,12.5,NA,NA,NA,NA,NA,NA,NA,NA,NA,NA,5273,NA,820,NA,NA,NA,0.155509197800114,3.72205777133146,17.4054767627828,2.91381385238372,NA,0.823416121356336,NA,"Antigone canadensis tabida","M","N","MSB",0.0724149994019887
"35",NA,2009,170413,692,NA,NA,NA,11,NA,NA,NA,NA,NA,NA,NA,NA,NA,NA,5140,NA,692,NA,NA,NA,0.134630350194553,3.71096311899528,17.2578903901354,2.84010609445676,NA,1.12704233352267,NA,"Antigone canadensis tabida","F","N","MSB",0.00602359206346369
"36",NA,2009,170416,614,NA,NA,NA,9.3,NA,NA,NA,NA,NA,NA,NA,NA,NA,NA,3222,NA,614,NA,NA,NA,0.19056486654252,3.5081255360832,14.7698191872938,2.78816837114117,NA,0.897383526615667,NA,"Antigone canadensis canadensis","F",NA,"MSB",0.00934204355506107
"37",NA,2009,170417,567,NA,NA,NA,9.2,NA,NA,NA,NA,NA,NA,NA,NA,NA,NA,3480,NA,567,NA,NA,NA,0.162931034482759,3.54157924394658,15.1539697033502,2.75358305889291,NA,1.13658632177151,NA,"Antigone canadensis canadensis","F","N","MSB",-0.0435433050841945
"38",NA,2009,170418,674,NA,NA,NA,10,NA,NA,NA,NA,NA,NA,NA,NA,NA,NA,3318,NA,674,NA,NA,NA,0.203134418324292,3.52087638168834,14.915075653299,2.82865989653532,NA,0.766912625804577,NA,"Antigone canadensis canadensis","M","N","MSB",0.0428585293050883
"39",NA,2009,170422,570,NA,NA,NA,8.9,NA,NA,NA,NA,NA,NA,NA,NA,NA,NA,3106,NA,570,NA,NA,NA,0.183515775917579,3.49220145139254,14.5903983907609,2.75587485567249,NA,1.00378578024007,NA,"Antigone canadensis canadensis","F","N","MSB",-0.0142405890864437
"40",NA,2009,170423,500,NA,NA,NA,8.9,NA,NA,NA,NA,NA,NA,NA,NA,NA,NA,2981,NA,500,NA,NA,NA,0.167728950016773,3.47436197603263,14.3919837069861,2.69897000433602,NA,1.25202,NA,"Antigone canadensis canadensis","F","N","MSB",-0.0613867897640479
"41",NA,2009,170424,635,NA,NA,NA,10.2,NA,NA,NA,NA,NA,NA,NA,NA,NA,NA,3393,NA,635,NA,NA,NA,0.187150014736222,3.53058385964512,15.0266193992282,2.80277372529198,NA,0.883538967077934,NA,"Antigone canadensis canadensis","M","Y","MSB",0.0116621185929458
"42",NA,2009,170425,609,NA,NA,NA,9.2,NA,NA,NA,NA,NA,NA,NA,NA,NA,NA,3305,NA,609,NA,NA,NA,0.184266263237519,3.51917146382166,14.8955709551102,2.78461729263288,NA,0.935677481456316,NA,"Antigone canadensis canadensis","M","Y","MSB",-0.000251440787933265
"43",NA,2009,170426,730,NA,NA,NA,11,NA,NA,NA,NA,NA,NA,NA,NA,NA,NA,5222,NA,730,NA,NA,NA,0.139793182688625,3.71783686748693,17.3491801166713,2.86332286012046,NA,1.02891724526178,NA,"Antigone canadensis tabida","F","N","MSB",0.0247074753710746
"44",NA,2009,170427,739,NA,NA,NA,11.8,NA,NA,NA,NA,NA,NA,NA,NA,NA,NA,5195,NA,739,NA,NA,NA,0.142252165543792,3.7155855518932,17.3192275113406,2.86864443839483,NA,0.998817111958705,NA,"Antigone canadensis tabida","M","N","MSB",0.0315136800825615
"45",NA,2009,170629,779,NA,NA,NA,11,NA,NA,NA,NA,NA,NA,NA,NA,NA,NA,6127,NA,779,NA,NA,NA,0.127142157662804,3.78724788033195,18.2985197922865,2.89153745767256,NA,1.06013766373729,NA,"Antigone canadensis tabida","M","N","MSB",0.00714909245618231
"46",NA,2009,170630,604,NA,NA,NA,9.1,NA,NA,NA,NA,NA,NA,NA,NA,NA,NA,3403,NA,604,NA,NA,NA,0.177490449603291,3.53186194909581,15.0413672930784,2.78103693862113,NA,0.979438950046051,NA,"Antigone canadensis canadensis","M","N","MSB",-0.010773815794322
"47",NA,2009,170635,686,NA,NA,NA,12,NA,NA,NA,NA,NA,NA,NA,NA,NA,NA,5417,NA,686,NA,NA,NA,0.126638360716264,3.7337588355872,17.5624976254097,2.83632411570675,NA,1.20864818230499,NA,"Antigone canadensis tabida","F","N","MSB",-0.0127909852256706
"48",NA,2009,170638,645,NA,NA,NA,12,NA,NA,NA,NA,NA,NA,NA,NA,NA,NA,5285,NA,645,NA,NA,NA,0.122043519394513,3.72304499164344,17.4186702313652,2.80955971463527,NA,1.33387416621597,NA,"Antigone canadensis tabida","F","N","MSB",-0.0324901591888997
"49",NA,2009,170688,714,NA,NA,NA,11.9,NA,NA,NA,NA,NA,NA,NA,NA,NA,NA,5132,NA,714,NA,NA,NA,0.13912704598597,3.71028664770289,17.2489322310433,2.85369821177617,NA,1.05701103971,NA,"Antigone canadensis tabida","F",NA,"MSB",0.0200618072855567
"50",NA,2009,170689,579,NA,NA,NA,9.9,NA,NA,NA,NA,NA,NA,NA,NA,NA,NA,3340,NA,579,NA,NA,NA,0.173353293413174,3.52374646681156,14.9479678673206,2.76267856372744,NA,1.0461130947587,NA,"Antigone canadensis canadensis","F","N","MSB",-0.0246928136916427
"51",NA,2009,170711,625,NA,NA,NA,8.8,NA,NA,NA,NA,NA,NA,NA,NA,NA,NA,2755,NA,625,NA,NA,NA,0.226860254083485,3.4401216031878,14.0186825406657,2.79588001734408,NA,0.740544,NA,"Antigone canadensis canadensis","F","N","MSB",0.0542535855602118
"52",NA,2009,170718,761,NA,NA,NA,11.2,NA,NA,NA,NA,NA,NA,NA,NA,NA,NA,5622,NA,761,NA,NA,NA,0.135361081465671,3.74989084127142,17.7813042772694,2.88138465677057,NA,1.01932066010385,NA,"Antigone canadensis tabida","M","Y","MSB",0.0216313307091508
"53",NA,2009,170755,698,NA,NA,NA,12.6,NA,NA,NA,NA,NA,NA,NA,NA,NA,NA,5126,NA,698,NA,NA,NA,0.136168552477565,3.70977860184823,17.2422075004471,2.84385542262316,NA,1.10473230925854,NA,"Antigone canadensis tabida","M","Y","MSB",0.0105540481519708
"54",NA,2009,170756,619,NA,NA,NA,10.7,NA,NA,NA,NA,NA,NA,NA,NA,NA,NA,4588,NA,619,NA,NA,NA,0.134917175239756,3.66162340922923,16.6165606251437,2.79169064902012,NA,1.25727827205796,NA,"Antigone canadensis tabida","F","Y","MSB",-0.00985486134842345
"55",NA,2009,170757,758,NA,NA,NA,13.2,NA,NA,NA,NA,NA,NA,NA,NA,NA,NA,5392,NA,758,NA,NA,NA,0.140578635014837,3.73174988352726,17.5354383910929,2.87966920563205,NA,0.985373256939175,NA,"Antigone canadensis tabida","M","N","MSB",0.0318789048953012
"56",NA,2009,170764,554,NA,NA,NA,9.5,NA,NA,NA,NA,NA,NA,NA,NA,NA,NA,2990,NA,554,NA,NA,NA,0.185284280936455,3.47567118832443,14.4064528692515,2.74350976472843,NA,1.02291832292875,NA,"Antigone canadensis canadensis","F","N","MSB",-0.0175632020805424
"57",NA,2009,170766,674,NA,NA,NA,9.9,NA,NA,NA,NA,NA,NA,NA,NA,NA,NA,3523,NA,674,NA,NA,NA,0.191314220834516,3.54691264318124,15.2161301528044,2.82865989653532,NA,0.814295714499555,NA,"Antigone canadensis canadensis","M","N","MSB",0.0286160263588883
"58",NA,2009,170772,662,NA,NA,NA,9.8,NA,NA,NA,NA,NA,NA,NA,NA,NA,NA,3559,NA,662,NA,NA,NA,0.186007305422872,3.55132798800385,15.2677836074633,2.8208579894397,NA,0.852709905897171,NA,"Antigone canadensis canadensis","F","N","MSB",0.0183988123782319
"59",NA,2009,170788,682,NA,NA,NA,10,NA,NA,NA,NA,NA,NA,NA,NA,NA,NA,5210,NA,682,NA,NA,NA,0.130902111324376,3.71683772329952,17.3358806249764,2.83378437465648,NA,1.1761379761096,NA,"Antigone canadensis tabida","F","N","MSB",-0.00417212607004971
"60",NA,2009,170795,682,NA,NA,NA,10.2,NA,NA,NA,NA,NA,NA,NA,NA,NA,NA,5299,NA,682,NA,NA,NA,0.12870352896773,3.72419391951433,17.4340373943697,2.83378437465648,NA,1.19622939259208,NA,"Antigone canadensis tabida","F","N","MSB",-0.00902315779902716
"61",NA,2009,170828,778,NA,NA,NA,11.8,NA,NA,NA,NA,NA,NA,NA,NA,NA,NA,5238,NA,778,NA,NA,NA,0.148529973272241,3.71916549408921,17.3668811161872,2.89097959698969,NA,0.908647841343898,NA,"Antigone canadensis tabida","M","N","MSB",0.0514880515703829
"62",NA,2009,170829,644,NA,NA,NA,10.4,NA,NA,NA,NA,NA,NA,NA,NA,NA,NA,4890,NA,644,NA,NA,NA,0.131697341513292,3.68930885912362,16.9734302366649,2.80888586735981,NA,1.23801647312989,NA,"Antigone canadensis tabida","F","Y","MSB",-0.0109167682874714
"63",NA,2009,170834,666,NA,NA,NA,10.5,NA,NA,NA,NA,NA,NA,NA,NA,NA,NA,5064,NA,666,NA,NA,NA,0.131516587677725,3.7044936970093,17.1724093437858,2.8234742291703,NA,1.19876633390147,NA,"Antigone canadensis tabida","F","N","MSB",-0.00634202332893005
"64",NA,2009,170845,611,NA,NA,NA,11.5,NA,NA,NA,NA,NA,NA,NA,NA,NA,NA,4560,NA,611,NA,NA,NA,0.133991228070175,3.65896484266443,16.5826886836994,2.78604121024255,NA,1.28254236970328,NA,"Antigone canadensis tabida","F","N","MSB",-0.0137511126928594
"65",1,2020,281701,721,730,729,18.84,10.82,10.77,10.85,22.5,293,289,190,505,87.21,104.77,253,5850,11.3,726.666666666667,291,NA,2.51441753171857,0.124216524216524,3.76715586608218,18.0184994991457,2.86133523888494,9.59630676936056,1.16325435569397,2.4085873933928,"Antigone canadensis tabida","M","N","MSB",-0.00980347994101882
"66",2,2020,281702,695,696,695,18.01,11.26,10.42,11.6,29.4,280,283,220,543,89.42,109.51,259,6300,NA,695.333333333333,281.5,NA,2.45700824499411,0.11037037037037,3.79934054945358,18.4691475044783,2.84219304937085,9.86121256391527,1.36818161344084,2.2435212600348,"Antigone canadensis tabida","M",NA,"MSB",-0.050169806993414
"67",4,2020,281704,760,758,759,13.57,10.3,9.38,9.36,22,289,290,210,530,90.6,106.85,250,5900,12,759,289.5,NA,2.61724137931034,0.12864406779661,3.77085201164214,18.0696886932119,2.88024177589548,9.912,1.075369609482,2.20541117835529,"Antigone canadensis tabida","M","N","MSB",0.0066656398415475
"68",5,2020,281705,795,791,791,17.03,10.27,9.35,9.52,32,NA,273,200,515,80.05,94.2,240,5300,9.69,792.333333333333,NA,NA,2.9023199023199,0.149496855345912,3.72427586960079,17.4351340126513,2.89890792700852,9.66145833333333,0.886439937920002,2.09821849373174,"Antigone canadensis tabida","M","N","MSB",0.0560463527006742
"69",7,2020,281706,667,670,667,15,9.17,10.16,9.79,18.4,290,303,205,530,84.81,97.49,240,5400,10.12,668,296.5,NA,2.2046204620462,0.123703703703704,3.73239375982297,17.5441064292772,2.82477646247555,9.84375,1.27066226827782,2.0185119259523,"Antigone canadensis tabida","M","N","MSB",-0.0234384414458952
"70",6,2020,281707,768,763,764,15.48,11.91,9.72,10.87,21.4,310,304,205,523,79.54,97.09,262,6300,13.51,765,307,NA,2.51644736842105,0.121428571428571,3.79934054945358,18.4691475044783,2.88366143515362,9.63667618437154,1.13033448673587,2.4183907373624,"Antigone canadensis tabida","M","N","MSB",-0.00870142121064602
"71",9,2020,281709,705,704,708,15.67,11.35,9.79,10.08,17.7,295,304,240,480,92.82,109.09,240,5800,9.86,705.666666666667,299.5,NA,2.32127192982456,0.121666666666667,3.76342799356294,17.9670177914305,2.84859960329975,10.5729166666667,1.2229764269676,2.64322916666667,"Antigone canadensis tabida","M","N","MSB",-0.0200807760061165
"72",20,2020,281713,662,664,658,16.45,12.34,11.42,11.1,18.2,273,272,180,510,75.24,96.64,245,5300,10.6,661.333333333333,272.5,NA,2.43137254901961,0.124779874213836,3.72427586960079,17.4351340126513,2.8204204130985,9.27113702623907,1.27240199824402,2.13956170703576,"Antigone canadensis tabida","M","N","MSB",-0.0224411612093461
"73",22,2020,281714,685,688,681,15.14,11.47,11.42,9.48,16.9,309,304,195,535,97.64,77,260,5750,12.22,684.666666666667,306.5,NA,2.25219298245614,0.119072463768116,3.75966784468963,17.9152393550797,2.8354791845416,8.93121301775148,1.28794932157929,2.10935452877981,"Antigone canadensis tabida","M","N","MSB",-0.030721570654545
"74",25,2020,281717,632,634,632,13.39,8.51,10.81,9.04,15.6,293,294,180,484,67.93,79.44,204,3900,9.71,632.666666666667,293.5,NA,2.15192743764172,0.162222222222222,3.5910646070265,15.7406091663144,2.80117495337161,9.83996539792388,1.02306681871328,1.74808756232498,"Antigone canadensis canadensis","M","N","MSB",-0.0230211736608225
"75",27,2020,281719,684,675,679,15.99,8.17,7.97,8.88,17.8,280,274,190,460,65.53,77.51,190,3950,8.99,679.333333333333,277,NA,2.47931873479319,0.171983122362869,3.59659709562646,15.8075912888041,2.83208292495075,11.48891966759,0.898712008636688,1.96006616257089,"Antigone canadensis canadensis","M","N","MSB",0.00486038472891185
"76",30,2020,281722,738,742,740,16.3,11.15,11.53,9.79,24.5,293,297,220,557,82.07,103.32,238,5600,14.04,740,295,NA,2.49158249158249,0.132142857142857,3.7481880270062,17.758080034852,2.86923171973098,10.3806228373702,1.07377647918188,1.89525187832999,"Antigone canadensis tabida","M","N","MSB",0.0106013117902702
"77",29,2020,281724,657,663,659,13.33,10.54,8.38,11.02,18.1,306,304,177,534,73.16,97.62,248,5050,9.32,659.666666666667,305,NA,2.16995614035088,0.130627062706271,3.70329137811866,17.1565697162171,2.81932453948673,8.62139047866805,1.21851701583147,1.85950847956908,"Antigone canadensis tabida","M","N","MSB",-0.00969884575929754
"78",38,2020,281725,716,717,709,14.29,10.59,10.26,9.58,16.1,311,309,195,510,76.99,98.28,223,5100,10.14,714,310,NA,2.31067961165049,0.14,3.70757017609794,17.2130062072632,2.85369821177617,10.7683645357839,1.05042016806723,2.05882352941176,"Antigone canadensis tabida","F",NA,"MSB",0.0218531801040223
"79",66,2020,281729,616,610,614,14.62,9.93,9.74,10.04,17.9,262,269,185,505,76.56,89,223,5000,9.59,613.333333333333,265.5,NA,2.28004956629492,0.122666666666667,3.69897000433602,17.099759466767,2.78769656828987,10.5572201331215,1.39561672967864,2.05862170375453,"Antigone canadensis tabida","F","N","MSB",-0.0384770939851766
"80",67,2020,281730,631,634,632,13.38,10.14,9.72,9.3,19.2,298,300,200,520,83.67,98.75,235,5400,10.27,632.333333333333,299,NA,2.10777777777778,0.117098765432099,3.73239375982297,17.5441064292772,2.800946076169,10.2670891806247,1.41804791795941,2.09689349112426,"Antigone canadensis tabida","F","N","MSB",-0.0472688277524409
"81",70,2020,281733,730,728,726,16.01,9.29,8.82,9.67,20.6,289,294,190,530,78.55,102.49,225,5350,12.84,728,291.5,NA,2.47619047619048,0.13607476635514,3.72835378202123,17.4897899626765,2.86213137931304,11.0962962962963,1.05993765849535,1.999822000712,"Antigone canadensis tabida","F",NA,"MSB",0.0165806322368368
"82",71,2020,281734,728,724,728,14.61,10.43,10.09,10.29,16.8,306,307,190,521,81.36,96.03,253,5300,8.77,726.666666666667,306.5,NA,2.36699239956569,0.137106918238994,3.72427586960079,17.4351340126513,2.86133523888494,8.69408989360871,1.05388856156889,2.05016928172236,"Antigone canadensis tabida","M","Y","MSB",0.0184736645770988
"83",75,2020,281738,664,656,661,16.78,10.95,11.11,10.76,17.8,252,260,192,495,86.11,104.91,223,5800,12.19,660.333333333333,256,NA,2.53974358974359,0.113850574712644,3.76342799356294,17.9670177914305,2.81976322081888,12.246375354421,1.39666050090703,2.48546066727885,"Antigone canadensis tabida","M","N","MSB",-0.0489171584869813
"84",76,2020,281739,716,711,714,13.24,9.84,10.59,10.29,19.3,284,283,200,508,81.99,103.01,239,5000,9.19,713.666666666667,283.5,NA,2.52179034157833,0.142733333333333,3.69897000433602,17.099759466767,2.85349541257478,9.19101556345302,1.03078592136227,2.03437906875814,"Antigone canadensis tabida","F",NA,"MSB",0.027321750299725
"85",77,2020,281740,757,759,760,14.8,10.55,9.44,10.41,21.9,293,296,203,522,NA,NA,259,5550,11.2,758.666666666667,294.5,NA,2.56306306306306,0.136696696696697,3.74429298312268,17.7050705253456,2.88005100300337,8.68725868725869,1.01246559962441,2.13865768265293,"Antigone canadensis tabida","M",NA,"MSB",0.0239891754693033
"86",81,2020,281744,602,601,604,14.84,9.13,8.73,8.32,15.2,288,284,155,450,56.3,71.48,187,3350,10.06,602.333333333333,286,NA,2.12089201877934,0.179800995024876,3.52504480703685,14.9628711352849,2.77983689784127,10.0589093196831,0.969527898178669,1.73703703703704,"Antigone canadensis canadensis","M","N","MSB",-0.00824470498742795
"87",100,2020,281746,666,664,663,15.1,10.65,10.34,9.62,21.2,279,279,180,505,81.44,102.34,228,5300,9.57,664.333333333333,279,NA,2.38112305854241,0.125345911949686,3.72427586960079,17.4351340126513,2.82238604398083,10.705216989843,1.26093610627663,2.18213900597981,"Antigone canadensis tabida","F","N","MSB",-0.0204755303270186
"88",104,2020,281748,720,722,720,16.03,10.05,11.03,10.07,21.5,306,304,262,529,88.75,112.96,242,5000,10.74,720.666666666667,305,NA,2.37061403508772,0.144133333333333,3.69897000433602,17.099759466767,2.85773443489763,8.96455160166655,1.01085865436207,1.87606533710214,"Antigone canadensis tabida","M","N","MSB",0.0315607726225785
"89",106,2020,281750,704,707,703,15.39,10.35,10.09,10.67,19.2,310,309,193,580,88.94,105.65,226,4600,13.27,704.666666666667,309.5,NA,2.28047464940669,0.153188405797101,3.66275783168157,16.6310349884077,2.84798372825174,9.45649620173858,0.972701698547056,1.43579072532699,"Antigone canadensis tabida","M","Y","MSB",0.0456901248267255
"90",107,2020,281751,664,663,661,14.55,8.96,10.78,10.03,22.3,305,296,NA,NA,NA,NA,NA,5500,9.83,662.666666666667,300.5,NA,2.23873873873874,0.120484848484848,3.74036268949424,17.6517416766303,2.82129512534163,NA,1.315108963641,NA,"Antigone canadensis tabida","F","Y","MSB",-0.0321748763983724
"91",108,2020,281752,675,673,677,17.55,11.59,10.63,11.8,22.3,275,278,215,523,90.11,111.22,238,5750,11.38,675,276.5,NA,2.42805755395683,0.117391304347826,3.75966784468963,17.9152393550797,2.82930377283102,10.6586752347998,1.32510288065844,2.20726138727521,"Antigone canadensis tabida","M","N","MSB",-0.0368969823651171
"92",110,2020,281754,668,673,671,16.16,11.47,10.55,10.75,21.4,287,288,187,544,74.49,98.27,224,5400,9.56,670.666666666667,287.5,NA,2.3287037037037,0.124197530864198,3.73239375982297,17.5441064292772,2.82650672166423,11.3002232142857,1.26057768695975,1.91595480103806,"Antigone canadensis tabida","M","Y","MSB",-0.0217081822572138
"93",115,2020,281759,598,602,602,13.67,8.34,9.66,9.93,14.9,289,293,175,513,73.33,92.11,222,4500,9.1,600.666666666667,291,NA,2.05005688282139,0.133481481481481,3.65321251377534,16.5096362444731,2.77863353192338,9.5872899926954,1.30958818725279,1.79542423309736,"Antigone canadensis tabida","F","Y","MSB",-0.0173654270041038
"94",7,2020,281760,552,558,555,13.46,9.64,7.9,6.89,12.3,259,253,141,435,57.85,67.88,190,2900,9.31,555,256,NA,2.19367588932806,0.191379310344828,3.46239799789896,14.2604314714241,2.74429298312268,8.43490304709141,0.988556123691259,1.60919540229885,"Antigone canadensis canadensis","F","Y","MSB",-0.00951920802571098
"95",12,2020,281763,588,584,582,13.19,7.63,6.57,6.59,14,250,245,155,460,56.84,69.52,180,3100,NA,584.666666666667,247.5,NA,2.38639455782313,0.188602150537634,3.49136169383427,14.5809973582671,2.76690833431036,10.0462962962963,0.952213477843119,1.5382797731569,"Antigone canadensis canadensis","F",NA,"MSB",-0.00274774152185895
"96",13,2020,281764,690,685,688,15.22,9.84,9.5,9.3,23.6,274,277,200,535,67.09,88.23,235,5400,9.33,687.666666666667,275.5,NA,2.48255114320096,0.127345679012346,3.73239375982297,17.5441064292772,2.83737797325349,10.2670891806247,1.19902189137186,1.98095903572364,"Antigone canadensis tabida","M","N","MSB",-0.0108369306679521
"97",14,2020,281765,723,719,718,19.23,11.5,8.38,9.19,29.8,278,270,200,540,85.13,110.28,245,5500,10.54,720,274,NA,2.66666666666667,0.130909090909091,3.74036268949424,17.6517416766303,2.85733249643127,9.62099125364431,1.11400462962963,1.98045267489712,"Antigone canadensis tabida","M","N","MSB",0.00386249469126424
"98",15,2020,281766,681,686,684,16.46,10.15,11.29,10.78,20.9,298,297,200,540,82.69,106.06,240,5500,10.99,683.666666666667,297.5,NA,2.30190796857464,0.12430303030303,3.74036268949424,17.6517416766303,2.8348444056487,10.0260416666667,1.23555811449672,1.98045267489712,"Antigone canadensis tabida","M","N","MSB",-0.0186255960913004
"99",16,2020,281767,687,686,688,16.13,11.46,8.34,9.7,22.6,297,299,175,520,83.67,101.51,245,4900,8.4,687,298,NA,2.29765886287625,0.140204081632653,3.69019608002851,16.9849925224181,2.83695673705955,8.57142857142857,1.09011396934968,1.90273668639053,"Antigone canadensis tabida","M","Y","MSB",0.0165690250175416
"100",17,2020,281768,746,742,748,15.6,11.38,12.52,11.53,25.8,289,292,205,555,91.07,113.8,255,6800,12.4,745.333333333333,290.5,NA,2.55251141552511,0.109607843137255,3.83250891270624,18.9453647437182,2.87235054449472,10.9803921568627,1.28527814491121,2.31799366934502,"Antigone canadensis tabida","M","N","MSB",-0.0418851355189487
"101",22,2020,281770,620,622,618,13.81,9.16,7.99,8.12,10.7,279,286,NA,475,49.08,65.92,175,3050,NA,620,282.5,NA,2.16783216783217,0.20327868852459,3.48429983934679,14.5021796168576,2.79239168949825,10.4571428571429,0.833116545265349,1.41939058171745,"Antigone canadensis canadensis","F",NA,"MSB",0.0265986292288149
"102",25,2020,281773,721,723,724,15.81,10.64,11.06,11.19,28.5,294,291,205,520,77.98,99.01,250,6200,10.53,722.666666666667,292.5,NA,2.48339060710195,0.116559139784946,3.79239168949825,18.3709055001423,2.85893802314669,10.416,1.24653633528955,2.40754437869822,"Antigone canadensis tabida","M","N","MSB",-0.0288424187279151
"103",26,2020,281774,638,633,630,14.1,9.71,11.79,10.42,16.2,267,279,195,510,72.91,96.22,250,5450,10.04,633.666666666667,273,NA,2.27120669056153,0.116269113149847,3.73639650227664,17.598088635408,2.80186086214578,9.156,1.42516148509561,2.20011534025375,"Antigone canadensis tabida","F","N","MSB",-0.0489936438306761
"104",31,2020,281776,660,655,654,14.72,8.53,7.59,7.84,13.6,280,290,170,500,54.27,69.47,195,3550,11.37,656.333333333333,285,NA,2.2632183908046,0.184882629107981,3.55022835305509,15.254903019003,2.81712446141846,9.80276134122288,0.865304035815681,1.491,"Antigone canadensis canadensis","M","N","MSB",0.0152668128829477
"105",35,2020,281777,645,643,644,13.94,8.28,8.8,8.5,11.8,287,291,165,480,56.01,70.6,195,3500,NA,644,289,NA,2.21305841924399,0.184,3.54406804435028,15.1829448593783,2.80888586735981,9.6646942800789,0.886105860113422,1.59505208333333,"Antigone canadensis canadensis","M","N","MSB",0.0103980657165626
"106",36,2020,281778,544,541,542,15.03,8.71,9.36,7.7,10.2,278,275,155,425,52.12,66.66,175,3050,9.94,542.333333333333,276.5,NA,1.97212121212121,0.177814207650273,3.48429983934679,14.5021796168576,2.7342662982172,10.4571428571429,1.08882113414193,1.77301038062284,"Antigone canadensis canadensis","F","N","MSB",-0.0315267620522424
"107",1,2020,281779,722,725,723,15.72,9.12,11.22,10.11,26,285,284,195,540,94.42,112.38,238,5700,9.67,723.333333333333,284.5,NA,2.54694835680751,0.126900584795322,3.75587485567249,17.8631598770806,2.85933847912887,10.5659911023233,1.14389772558347,2.05246913580247,"Antigone canadensis tabida","F",NA,"MSB",-0.00436099557766908
"108",3,2020,281781,679,682,683,17.58,10.92,11.61,12.29,20.6,252,255,NA,528,82.01,95.17,239,5750,12.48,681.333333333333,253.5,NA,2.6718954248366,0.118492753623188,3.75966784468963,17.9152393550797,2.83335963674301,10.569667897971,1.30058239283704,2.16565513085399,"Antigone canadensis tabida","M","Y","MSB",-0.0328411184531293
"109",5,2020,281783,741,746,744,15.26,10.53,11.8,10.69,20.8,285,282,207,544,99.05,108.01,258,6500,10.57,743.666666666667,283.5,NA,2.6371158392435,0.114410256410256,3.81291335664286,18.6625557840862,2.87137831556418,10.2532900667027,1.23408770229847,2.30624189013841,"Antigone canadensis tabida","M","N","MSB",-0.0299351066093511
"110",6,2020,281784,733,739,737,15.4,10.18,10.98,10.03,22.7,295,296,196,535,82.54,99.36,242,5850,10.5,736.333333333333,295.5,NA,2.48761261261261,0.125868945868946,3.76715586608218,18.0184994991457,2.86707446115177,10.4885253739499,1.13291217192271,2.14603895536728,"Antigone canadensis tabida","M","N","MSB",-0.00406425767418883
"111",10,2020,281785,667,669,673,16,10.7,9.96,11.63,22,292,286,175,512,86.66,99.96,238,5300,10.1,669.666666666667,289,NA,2.34149184149184,0.126352201257862,3.72427586960079,17.4351340126513,2.82585868202859,9.82451804251112,1.24093148774764,2.12287902832031,"Antigone canadensis tabida","M","Y","MSB",-0.017002892279257
"112",12,2020,281787,561,560,653,12.93,9.92,11.3,8.83,14.4,262,262,186,501,75.47,89.79,238,4650,9.63,591.333333333333,262,NA,2.25699745547074,0.127168458781362,3.66745295288995,16.6910753466409,2.77183236077605,8.61962432031636,1.39629611741184,1.94521137365987,"Antigone canadensis tabida","F","Y","MSB",-0.0335574327570366
"113",24,2020,281788,702,700,701,14.49,9.97,9.43,9.1,15,306,301,168,468,64.04,78.36,200,3350,NA,701,303.5,NA,2.32890365448505,0.209253731343284,3.52504480703685,14.9628711352849,2.84571801796666,8.79375,0.715810509136123,1.60598838483454,"Antigone canadensis canadensis","M","N","MSB",0.0576364151379613
"114",26,2020,281790,615,612,614,15.89,9.84,10.34,8.82,19.4,272,280,180,510,88.06,102.81,221,4600,9.81,613.666666666667,276,NA,2.19166666666667,0.133405797101449,3.66275783168157,16.6310349884077,2.78793253378435,9.88923240719887,1.28257291148182,1.85697808535179,"Antigone canadensis tabida","F","N","MSB",-0.014361069640667
"115",74,2020,281792,702,706,703,14.33,10.18,10.02,9.91,19.3,267,269,197,499,86.69,104.36,221,4800,9.89,703.666666666667,268,NA,2.61586121437423,0.146597222222222,3.68124123737559,16.868653306035,2.84736697858799,10.3191990335988,1.01787999562868,2.02408825667367,"Antigone canadensis tabida","M","N","MSB",0.0328845230901103
"116",79,2020,281795,576,575,577,13.78,8.92,10.47,7.96,14.8,282,277,187,506,70.63,83.07,209,4750,10.46,576,279.5,NA,2.07942238267148,0.121263157894737,3.67669360962487,16.8098770339948,2.76042248342321,11.4180078294911,1.50327329282407,1.94796825446422,"Antigone canadensis tabida","F",NA,"MSB",-0.0510610462893689
"117",82,2020,281796,708,710,713,17.26,10.18,11.86,10.26,19.4,315,312,NA,518,83.15,99.59,239,5250,10.14,710.333333333333,313.5,NA,2.2767094017094,0.135301587301587,3.72015930340596,17.3801332244322,2.85146219499454,9.65056634162567,1.09250696022449,2.05441928414901,"Antigone canadensis tabida","M","Y","MSB",0.0113152836242307
"118",83,2020,281797,690,684,691,13.5,11.35,10.65,10.34,18,296,295,182,500,84.95,104.59,245,4900,10.62,688.333333333333,295.5,NA,2.33333333333333,0.14047619047619,3.69019608002851,16.9849925224181,2.83779880127276,8.57142857142857,1.08589485779948,2.058,"Antigone canadensis tabida","M","Y","MSB",0.0174110892307484
"119",85,2020,281798,585,590,587,14.73,9.6,11.43,9.21,16.3,284,287,180,464,76.52,92.6,222,4350,11.41,587.333333333333,285.5,NA,2.04645760743322,0.135019157088123,3.63848925695464,16.3241190102949,2.76888464935637,9.26771365960555,1.32406485252415,2.12149784482759,"Antigone canadensis tabida","F","Y","MSB",-0.017405081607979
"120",88,2020,281801,735,737,733,15.26,11.01,10.15,9.98,21.8,306,311,206,561,91.61,108.72,250,5600,11.63,735,308.5,NA,2.36334405144695,0.13125,3.7481880270062,17.758080034852,2.8662873390842,9.408,1.08843537414966,1.86832146567913,"Antigone canadensis tabida","M","N","MSB",0.00765693114348867
"121",90,2020,281803,634,631,635,14.01,9.13,8.91,9.29,11.9,NA,276,192,498,78.96,98.08,225,4950,9.97,633.333333333333,NA,NA,2.29468599033816,0.127946127946128,3.69460519893357,17.0425692085873,2.80163234623317,10.2666666666667,1.2957756232687,2.09573232689795,"Antigone canadensis tabida","F","N","MSB",-0.0216629521592728
"122",92,2020,281805,669,667,665,14.35,10.43,10.95,9.49,18.2,293,290,178,512,78.54,95.57,249,5050,13.15,667,291.5,NA,2.3,0.132079207920792,3.70329137811866,17.1565697162171,2.82412583391655,8.55228141481589,1.19187033170072,2.02274322509766,"Antigone canadensis tabida","M","Y","MSB",-0.00489755132948229
"123",93,2020,281806,631,634,633,14.33,11.9,12.53,8.84,18.1,281,274,192,510,74.51,90.02,221,5000,12.19,632.666666666667,277.5,NA,2.30900243309002,0.126533333333333,3.69897000433602,17.099759466767,2.80117495337161,10.7491656599988,1.31162412655549,2.01845444059977,"Antigone canadensis tabida","F","N","MSB",-0.0249987089034393
"124",95,2020,281807,619,632,629,12.76,10.61,9.23,8.81,NA,272,284,172,495,74.54,84.43,224,5250,11.19,626.666666666667,278,NA,2.20657276995305,0.119365079365079,3.72015930340596,17.3801332244322,2.79703659454402,10.986328125,1.40370359891354,2.24977043158861,"Antigone canadensis tabida","F","Y","MSB",-0.0431103168262912
"125",1,2020,281813,655,659,659,15.64,9.99,12.12,10.34,19.9,283,292,188,515,83.15,111.68,250,6050,11.3,657.666666666667,287.5,NA,2.25228310502283,0.10870523415978,3.78175537465247,18.2215419359579,2.81800583053253,10.164,1.46869972196883,2.39513620510887,"Antigone canadensis tabida","M","N","MSB",-0.0627605106724292
"126",2,2020,281814,616,613,612,16.35,10.76,11.66,11.6,NA,NA,284,194,510,66.6,87.72,235,4900,11.53,613.666666666667,NA,NA,2.16079812206573,0.125238095238095,3.69019608002851,16.9849925224181,2.78793253378435,9.31643277501132,1.36621897092628,1.97808535178777,"Antigone canadensis tabida","F","N","MSB",-0.0324551782576566
"127",3,2020,281815,566,569,568,15.42,9.7,9.24,10.09,NA,276,276,180,511,69.68,89.9,228,4650,11.19,567.666666666667,276,NA,2.05676328502415,0.122078853046595,3.66745295288995,16.6910753466409,2.75409339324294,9.39231301939058,1.51514942543796,1.86982280245557,"Antigone canadensis tabida","F","Y","MSB",-0.0512964002901432
"128",8,2020,281820,607,602,609,15.13,11.53,11.32,11.52,17.7,272,290,200,517,75.65,95.1,230,5150,13.36,606,281,NA,2.08965517241379,0.117669902912621,3.71180722904119,17.2690750273492,2.78247262416629,10.2221172022684,1.47248635754665,2.02309111111942,"Antigone canadensis tabida","F","N","MSB",-0.0521665252353144
"129",14,2020,281824,540,538,539,12.99,8.25,8.69,7.96,11.6,255,256,174,470,58.78,72.85,183,3300,NA,539,255.5,NA,2.10546875,0.163333333333333,3.51851393987789,14.8880555295383,2.73158876518674,10.3466809997313,1.19268486615425,1.56858306926211,"Antigone canadensis canadensis","F","N","MSB",-0.0529202857693305
"130",55,2020,281825,701,707,708,13.96,11.17,9.71,10.03,21.9,275,273,206,520,83.19,101.84,224,5350,9.24,705.333333333333,274,NA,2.58363858363858,0.13183800623053,3.72835378202123,17.4897899626765,2.84839440864349,11.1955915178571,1.12915682476835,2.07747781065089,"Antigone canadensis tabida","F","N","MSB",0.00284366156728522
"131",63,2020,281830,655,654,652,14.8,9.45,9.7,9.61,19.8,279,285,194,499,74.68,99.05,214,4900,10.67,653.666666666667,282,NA,2.29356725146199,0.133401360544218,3.69019608002851,16.9849925224181,2.81535633894812,11.2346056424142,1.20412812724206,2.06625676202104,"Antigone canadensis tabida","F","Y","MSB",-0.00503137309388736
"132",65,2020,281832,753,750,749,17.1,9.53,11.93,9.76,26.8,281,273,222,549,88.15,117.99,234,5950,11.66,750.666666666667,277,NA,2.74969474969475,0.126162464985994,3.77451696572855,18.1205894936276,2.87544713145965,11.4097085250931,1.10869477772274,2.07281993092259,"Antigone canadensis tabida","M","N","MSB",-0.000545852655328894
"133",66,2020,281833,764,761,762,17.43,10.2,9.39,9.54,29.7,NA,NA,213,544,96.18,114.19,228,5700,10.3,762.333333333333,NA,NA,NA,0.13374269005848,3.75587485567249,17.8631598770806,2.88214490988709,11.5131578947368,1.029850857559,2.02239673442907,"Antigone canadensis tabida","M","N","MSB",0.0184454351805499
"134",67,2020,281834,735,734,737,16.03,10.1,12.01,11.36,19.9,289,284,211,528,93.19,118.25,218,5400,11.73,735.333333333333,286.5,NA,2.58920187793427,0.136172839506173,3.73239375982297,17.5441064292772,2.86648425338451,11.9308139045535,1.04861134514047,2.0338326446281,"Antigone canadensis tabida","M","N","MSB",0.0182693494630682
"135",68,2020,281835,687,706,698,14.14,8.52,13.63,9.84,NA,288,288,184,527,87,102.2,218,5100,11.44,697,288,NA,2.42013888888889,0.136666666666667,3.70757017609794,17.2130062072632,2.84323277809801,11.2679909098561,1.10228505441439,1.92813858113485,"Antigone canadensis tabida","M","N","MSB",0.0113877464258574
"136",69,2020,281836,708,703,705,15.73,9.16,9.61,9.69,21.3,297,307,198,500,81.41,98.25,220,5050,10.01,705.333333333333,302,NA,2.29750271444083,0.1396699669967,3.70329137811866,17.1565697162171,2.84839440864349,10.9555785123967,1.06583961964115,2.121,"Antigone canadensis tabida","F","N","MSB",0.0193710233974542
"137",70,2020,281837,710,708,710,16.85,9.66,10.44,10.15,18.7,278,277,187,514,80.25,99.15,232,5150,8.93,709.333333333333,277.5,NA,2.56077015643803,0.137734627831715,3.71180722904119,17.2690750273492,2.85085036890335,10.0466334720571,1.07472113672339,2.04677587851444,"Antigone canadensis tabida","M","N","MSB",0.0162112195017478
"138",21,2020,281838,756,751,757,15.06,10.63,10.87,9.96,22.2,299,298,193,501,79.05,94.65,225,5450,8.04,754.666666666667,298.5,NA,2.5324384787472,0.138470948012232,3.73639650227664,17.598088635408,2.87775516779657,11.3037037037037,1.00479037383411,2.27987139493468,"Antigone canadensis tabida","M",NA,"MSB",0.0269006618201147
"139",72,2020,281839,766,760,763,17.75,10.53,10.3,10.56,24,279,285,209,538,88.68,108.85,244,5900,10.91,763,282,NA,2.67719298245614,0.129322033898305,3.77085201164214,18.0696886932119,2.88252453795488,10.405468959957,1.06412399148701,2.14031038819253,"Antigone canadensis tabida","M","N","MSB",0.00894840190094764
"140",73,2020,281840,706,701,708,18.16,11.85,9.77,10.5,20.7,287,294,214,535,84.18,105.19,232,5850,10.43,705,290.5,NA,2.39795918367347,0.120512820512821,3.76715586608218,18.0184994991457,2.8481891169914,11.4121953032105,1.23585332729742,2.14603895536728,"Antigone canadensis tabida","M","N","MSB",-0.0229496018345624
"141",75,2020,281842,740,738,736,12.07,9.78,10.3,8.96,19.5,293,305,190,520,85.15,102.95,234,5300,11.93,738,299,NA,2.41967213114754,0.139245283018868,3.72427586960079,17.4351340126513,2.86805636182304,10.1632697786544,1.02176834776478,2.05806213017751,"Antigone canadensis tabida","F",NA,"MSB",0.0251947875151978
"142",76,2020,281843,667,664,669,15.93,10.26,12.46,11.36,22,277,285,206,518,88.38,108.65,228,5350,12.53,666.666666666667,281,NA,2.33918128654971,0.124610591900312,3.72835378202123,17.4897899626765,2.82390874094432,10.8062096029548,1.2639375,2.09355108003757,"Antigone canadensis tabida","M","N","MSB",-0.0216420061318817
"143",7,2020,281844,734,728,732,17.63,10.51,11.69,11.15,27.5,NA,307,210,525,89.8,107.52,220,5400,9.67,731.333333333333,NA,NA,2.38219326818675,0.135432098765432,3.73239375982297,17.5441064292772,2.86411536851903,11.7148760330579,1.0601133945317,2.05714285714286,"Antigone canadensis tabida","M",NA,"MSB",0.0159004645975889
"144",78,2020,281845,643,647,643,12.37,7.43,9.4,8.5,8.7,293,286,178,468,72.62,81.2,178,3050,8.47,644.333333333333,289.5,NA,2.25291375291375,0.211256830601093,3.48429983934679,14.5021796168576,2.80911059930889,10.1076252998359,0.77137922793296,1.46216852947622,"Antigone canadensis canadensis","M","N","MSB",0.0433175390394515
"145",80,2020,281847,648,645,650,16.31,10.37,9.9,8.94,19.8,281,279,209,515,81.62,97,220,4350,9.87,647.666666666667,280,NA,2.32138590203106,0.148888888888889,3.63848925695464,16.3241190102949,2.81135154588012,9.43698347107438,1.08886857529133,1.72212272598737,"Antigone canadensis tabida","F","N","MSB",0.0250618149157742
"146",83,2020,281848,646,647,641,12.57,9.26,10.49,9.19,14.5,274,273,171,458,69.5,81.62,164,3300,9.43,644.666666666667,273.5,NA,2.36141636141636,0.195353535353535,3.51851393987789,14.8880555295383,2.80933521502732,12.8829565734682,0.833744167667463,1.65185637192273,"Antigone canadensis canadensis","M","N","MSB",0.0248261640712511
"147",174,2021,281849,531,537,534,12.57,9.06,9.31,8.49,12,279,275,NA,NA,NA,NA,NA,2950,9.28,534,277,NA,1.94181818181818,0.181016949152542,3.46982201597816,14.3419214201712,2.72754125702856,NA,1.08624752766907,NA,"Antigone canadensis canadensis","F","N","MSB",-0.0303320624578829
"148",184,2021,281850,610,613,613,11.83,9.2,9.84,8.76,14.3,294,294,NA,NA,NA,NA,NA,3450,9.63,612,294,NA,2.08163265306122,0.177391304347826,3.53781909507327,15.1102980787737,2.78675142214556,NA,0.967176086120723,NA,"Antigone canadensis canadensis","F","N","MSB",-0.00831804393854424
"149",185,2021,281851,546,544,540,13.05,8.75,9.7,8.3,9.2,287,295,NA,NA,NA,NA,NA,3350,9.69,543.333333333333,291,NA,1.84180790960452,0.162189054726368,3.52504480703685,14.9628711352849,2.7350663496843,NA,1.19152019270579,NA,"Antigone canadensis canadensis","F","N","MSB",-0.0530152531444017
"150",193,2021,281853,591,597,584,13.84,8.85,10.96,10.44,10.5,284,284,NA,NA,NA,NA,NA,3500,13.6,590.666666666667,284,NA,2.07981220657277,0.168761904761905,3.54406804435028,15.1829448593783,2.77134246283137,NA,1.05334931642964,NA,"Antigone canadensis canadensis","M","N","MSB",-0.0271453388118801
"151",201,2021,281856,570,575,578,12.81,8.14,9.7,8.06,10.1,294,284,NA,NA,NA,NA,NA,3400,9.43,574.333333333333,289,NA,2.02230046948357,0.168921568627451,3.53147891704225,15.0369459620497,2.75916402272837,NA,1.08228133992695,NA,"Antigone canadensis canadensis","F","N","MSB",-0.0324372033278522
"152",218,2021,281857,702,697,699,14.48,10.1,11.04,9.35,15.1,289,291,NA,NA,NA,NA,NA,3550,10.2,699.333333333333,290,NA,2.40320733104238,0.196995305164319,3.55022835305509,15.254903019003,2.84468422913788,NA,0.762165337908635,NA,"Antigone canadensis canadensis","M","N","MSB",0.0428265806023687
"153",235,2021,281859,691,689,686,13.51,10.18,9.73,8.32,16.4,312,309,NA,NA,NA,NA,NA,3500,9.38,688.666666666667,310.5,NA,2.22869471413161,0.196761904761905,3.54406804435028,15.1829448593783,2.83800906246394,NA,0.774888505082519,NA,"Antigone canadensis canadensis","M","N","MSB",0.0395212608206899
"154",236,2021,281860,680,676,680,14.83,9.87,10.59,9.5,15,310,303,NA,NA,NA,NA,NA,3950,11,678.666666666667,306.5,NA,2.23982398239824,0.171814345991561,3.59659709562646,15.8075912888041,2.83165651894506,NA,0.900478518301226,NA,"Antigone canadensis canadensis","M","N","MSB",0.0044339787232254
"155",237,2021,281861,566,563,564,12.63,9.41,10.41,8.33,10.2,275,273,NA,NA,NA,NA,NA,3450,9.27,564.333333333333,274,NA,2.06715506715507,0.163574879227053,3.53781909507327,15.1102980787737,2.75153570338927,NA,1.13746223723061,NA,"Antigone canadensis canadensis","F","N","MSB",-0.0435337626948329
"156",257,2021,281863,586,593,593,13.56,8.69,9.58,9.03,10.9,309,312,NA,NA,NA,NA,NA,3200,9.54,590.666666666667,310.5,NA,1.89316239316239,0.184583333333333,3.50514997831991,14.7361259945615,2.77134246283137,NA,0.96306223216424,NA,"Antigone canadensis canadensis","F","N","MSB",-0.00585615832607618
"157",261,2021,281864,702,701,701,13.8,10.59,10.57,10.14,13.4,280,282,NA,NA,NA,NA,NA,3600,10.67,701.333333333333,281,NA,2.48699763593381,0.194814814814815,3.55630250076729,15.3261886478711,2.84592448076204,NA,0.768498171146033,NA,"Antigone canadensis canadensis","M","N","MSB",0.0407441176075314
"158",269,2021,281866,549,560,556,12.51,8.39,9.06,8.17,11,291,303,NA,NA,NA,NA,NA,2950,8.51,555,297,NA,1.83168316831683,0.188135593220339,3.46982201597816,14.3419214201712,2.74429298312268,NA,1.00560019478938,NA,"Antigone canadensis canadensis","F","N","MSB",-0.0135803363637628
"159",21,2022,283501,551,560,556,11.63,8.97,9.3,8.63,11,282,278,NA,NA,NA,NA,NA,3000,9.34,555.666666666667,280,NA,1.99880095923261,0.185222222222222,3.47712125471966,14.4224957030741,2.74481434510834,NA,1.02019188243935,NA,"Antigone canadensis canadensis","F","N","MSB",-0.0170518452174515
"160",59,2022,283508,573,574,568,13.38,8.91,9.89,8.43,9.9,269,272,NA,NA,NA,NA,NA,3400,9.1,571.666666666667,270.5,NA,2.10171568627451,0.168137254901961,3.53147891704225,15.0369459620497,2.75714286965913,NA,1.09240197536741,NA,"Antigone canadensis canadensis","F","N","MSB",-0.0344583563970913
"161",62,2022,283510,643,641,644,15.24,9.56,8.48,8.22,12.9,290,292,NA,NA,NA,NA,NA,3450,9.29,642.666666666667,291,NA,2.20091324200913,0.186280193236715,3.53781909507327,15.1102980787737,2.80798577484715,NA,0.877075226838381,NA,"Antigone canadensis canadensis","M","N","MSB",0.0129163087630439
"162",63,2022,283511,562,563,561,12.02,9.87,9.56,8.81,13.5,273,285,NA,NA,NA,NA,NA,3400,10.47,562,279,NA,1.9719298245614,0.165294117647059,3.53147891704225,15.0369459620497,2.74973631556906,NA,1.13030483403199,NA,"Antigone canadensis canadensis","F","N","MSB",-0.0418649104871572
"163",5,2022,283516,542,542,533,14.2,9.3,10.2,9.7,10.2,264,259,NA,NA,NA,NA,NA,4100,10.4,539,261.5,NA,2.08108108108108,0.131463414634146,3.61278385671974,16.0052066388315,2.73158876518674,NA,1.48182059128256,NA,"Antigone canadensis tabida","F","N","MSB",-0.0377495810531744
"164",96,2022,283524,570,575,578,11.8,8.8,9.6,8.5,11.8,281,286,NA,NA,NA,NA,NA,3150,10.4,574.333333333333,283.5,NA,2.00815850815851,0.182328042328042,3.4983105537896,14.6589720887824,2.75916402272837,NA,1.00270182963821,NA,"Antigone canadensis canadensis","F","N","MSB",-0.0142932577588859
"165",97,2022,283525,558,555,556,10.9,7.4,8.6,9,NA,281,286,NA,NA,NA,NA,NA,2950,9.3,556.333333333333,283.5,NA,1.94522144522145,0.188587570621469,3.46982201597816,14.3419214201712,2.74533508195958,NA,1.00078583811304,NA,"Antigone canadensis canadensis","F","N","MSB",-0.0125382375268548
"166",107,2022,283527,710,715,706,15.4,10.1,10.4,8.8,17.4,294,297,NA,NA,NA,NA,NA,3550,10.8,710.333333333333,295.5,NA,2.39169472502806,0.200093896713615,3.55022835305509,15.254903019003,2.85146219499454,NA,0.738742801675607,NA,"Antigone canadensis canadensis","M","N","MSB",0.0496045464590314
"167",73,2022,283544,671,678,675,12.92,9.87,11.66,9.18,15,315,318,180,475,59.75,72,195,3700,10.92,674.666666666667,316.5,NA,2.12159329140461,0.182342342342342,3.568201724067,15.4668037377204,2.8290892534481,10.2169625246548,0.853517669390242,1.7218836565097,"Antigone canadensis canadensis","M","N","MSB",0.0173997098972511
"168",72,2022,283543,601,596,603,11.64,9.34,9.95,7.6,13.3,302,304,165,472,57.99,74.38,NA,3300,9.06,600,303,NA,1.97368421052632,0.181818181818182,3.51851393987789,14.8880555295383,2.77815125038364,NA,0.9625,1.55531815570238,"Antigone canadensis canadensis","F","N","MSB",-0.00635780057242581
"169",25,2022,283537,666,664,659,14.67,9.48,9.74,9.6,14.5,303,304,180,495,58.12,65.14,180,3900,8.8,663,303.5,NA,2.18092105263158,0.17,3.5910646070265,15.7406091663144,2.82151352840477,12.6388888888889,0.931594357199893,1.6712580348944,"Antigone canadensis canadensis","M","N","MSB",-0.00268259862766077
"170",5,2022,283531,685,689,677,13.96,10.02,11.86,9.08,15.9,301,305,185,440,67.41,80,190,3800,10.66,683.666666666667,303,NA,2.24153005464481,0.179912280701754,3.57978359661681,15.6049075070788,2.8348444056487,11.0526315789474,0.853658333652277,2.06095041322314,"Antigone canadensis canadensis","M","N","MSB",0.0168192807027222
"171",28,2022,283539,582,589,581,13.74,9.95,9.73,8.65,9.5,309,314,150,460,60.61,75.2,160,3300,9.59,584,311.5,NA,1.85987261146497,0.176969696969697,3.51851393987789,14.8880555295383,2.7664128471124,13.53515625,1.01596218802777,1.6375236294896,"Antigone canadensis canadensis","M","Y","MSB",-0.0180962038436696
"172",15,2022,283534,645,644,664,15.23,10.37,10.74,8.9,12.7,313,317,153,485,68.24,82.65,198,3800,9.7,651,315,NA,2.05362776025237,0.171315789473684,3.57978359661681,15.6049075070788,2.81358098856819,10.1775329048056,0.94147960953372,1.69624827293017,"Antigone canadensis canadensis","M","N","MSB",-0.0044441363777895
"173",29,2022,283541,552,558,555,14.4,9.11,9.97,8.16,11.4,276,273,150,460,58.48,71.29,180,3030,9.21,555,274.5,NA,2.03296703296703,0.183168316831683,3.4814426285023,14.4704113231843,2.74429298312268,9.81944444444444,1.03287070854638,1.50354442344045,"Antigone canadensis canadensis","F","N","MSB",-0.0199371095186517
"174",27,2022,283540,514,524,518,11.82,8.63,9.67,9.11,9.7,276,270,150,460,54.86,66.88,170,3050,9.78,518.666666666667,273,NA,1.92098765432099,0.170054644808743,3.48429983934679,14.5021796168576,2.71488833793401,11.0813148788927,1.19045357220743,1.51346880907372,"Antigone canadensis canadensis","F","N","MSB",-0.0509047223354314
"175",16,2022,283535,574,585,581,12.53,8.26,8.58,6.91,10.8,245,243,150,455,53.59,56.97,195,3100,8.9,580,244,NA,2.38683127572016,0.187096774193548,3.49136169383427,14.5809973582671,2.76342799356294,8.56015779092702,0.967598097502973,1.57227387996619,"Antigone canadensis canadensis","F",NA,"MSB",-0.00622808226928094
"176",23,2022,283536,675,683,674,13.18,10.05,9.8,9.52,13.3,309,318,175,480,60.33,69.55,195,4150,10.44,677.333333333333,313.5,NA,2.12997903563941,0.163212851405622,3.61804809671209,16.070005752935,2.83080244889222,11.4595660749507,0.949800727726455,1.89127604166667,"Antigone canadensis canadensis","M","N","MSB",-0.00815433920711224
"177",26,2022,283538,596,606,598,12.36,8.45,8.67,7.65,13.3,296,280,175,475,50.17,62.95,175,3350,9.02,600,288,NA,2.14285714285714,0.17910447761194,3.52504480703685,14.9628711352849,2.77815125038364,11.4857142857143,0.977083333333333,1.5590027700831,"Antigone canadensis canadensis","F","N","MSB",-0.00993035244505384
"178",74,2022,283545,638,639,632,13.17,9.91,10.41,8.72,9.6,285,296,177,460,56.57,67.35,185,3500,10.29,636.333333333333,290.5,NA,2.14977477477477,0.181809523809524,3.54406804435028,15.1829448593783,2.803684673674,10.7377647918188,0.90758643474529,1.73676748582231,"Antigone canadensis canadensis","M","N","MSB",0.00519687203075471
"179",6,2022,283532,634,633,640,14.66,10.53,10.73,9.87,17,272,275,180,520,75.77,91.11,220,5050,11.75,635.666666666667,273.5,NA,2.31151515151515,0.125874587458746,3.70329137811866,17.1565697162171,2.80322943832634,10.9555785123967,1.3122657699437,1.96098372781065,"Antigone canadensis tabida","F","N","MSB",-0.0257939469196882
"180",75,2022,283546,627,630,623,14.08,8.89,9.37,8.74,11.9,295,291,170,495,56.42,73.47,175,3600,9.82,626.666666666667,293,NA,2.15349369988545,0.174074074074074,3.55630250076729,15.3261886478711,2.79703659454402,12.3428571428571,0.962539610683567,1.54269972451791,"Antigone canadensis canadensis","M","N","MSB",-0.00814376861049035
"181",11,2022,283533,588,591,596,14.68,9.57,10.63,9.4,13,313,305,157,497,59.18,72.37,185,3600,9.64,591.666666666667,309,NA,1.93989071038251,0.164351851851852,3.55630250076729,15.3261886478711,2.77207710267145,11.0445580715851,1.07978575679429,1.5303086122368,"Antigone canadensis canadensis","M","Y","MSB",-0.0331032604830574
"182",NA,NA,43175,NA,NA,NA,NA,NA,NA,NA,NA,NA,NA,162,451,57.4,68,175,3169,NA,601,NA,9.3,NA,0.189649731776586,3.5009222391903,14.6883860941191,2.77887447200274,10.8651428571429,0.921218379794076,1.6359064114729,"Antigone canadensis canadensis","F",NA,"NMDGF",0.00398853260360201
"183",NA,NA,41474,NA,NA,NA,NA,NA,NA,NA,NA,NA,NA,161,461,62.7,72.5,179,3150,NA,677,NA,8.9,NA,0.214920634920635,3.4983105537896,14.6589720887824,2.83058866868514,10.3227115258575,0.721643186444672,1.55631678751747,"Antigone canadensis canadensis","M",NA,"NMDGF",0.0571313881978923
"184",NA,NA,45924,NA,NA,NA,NA,NA,NA,NA,NA,NA,NA,172,462,62.8,74.1,191,3559,NA,662,NA,9.8,NA,0.186007305422872,3.55132798800385,15.2677836074633,2.8208579894397,10.2435514377347,0.852709905897171,1.75078709169618,"Antigone canadensis canadensis","M",NA,"NMDGF",0.0183988123782319
"185",NA,NA,46662,NA,NA,NA,NA,NA,NA,NA,NA,NA,NA,173,469,66.2,76.1,194,3523,NA,674,NA,9.9,NA,0.191314220834516,3.54691264318124,15.2161301528044,2.82865989653532,9.82875438410033,0.814295714499555,1.68172994303536,"Antigone canadensis canadensis","M",NA,"NMDGF",0.0286160263588883
"186",NA,NA,45788,NA,NA,NA,NA,NA,NA,NA,NA,NA,NA,160,443,63,72.3,182,2755,NA,625,NA,8.8,NA,0.226860254083485,3.4401216031878,14.0186825406657,2.79588001734408,8.73309382924768,0.740544,1.47402024978471,"Antigone canadensis canadensis","F",NA,"NMDGF",0.0542535855602118
"187",NA,NA,40172,NA,NA,NA,NA,NA,NA,NA,NA,NA,NA,158,429,62.3,69.3,189,2990,NA,554,NA,9.5,NA,0.185284280936455,3.47567118832443,14.4064528692515,2.74350976472843,8.78894767783657,1.02291832292875,1.70586988768807,"Antigone canadensis canadensis","F",NA,"NMDGF",-0.0175632020805424
"188",NA,NA,43185,NA,NA,NA,NA,NA,NA,NA,NA,NA,NA,174,456,66.4,75.7,191,3480,NA,567,NA,9.2,NA,0.162931034482759,3.54157924394658,15.1539697033502,2.75358305889291,10.0161728022806,1.13658632177151,1.75727146814404,"Antigone canadensis canadensis","F",NA,"NMDGF",-0.0435433050841945
"189",NA,NA,40067,NA,NA,NA,NA,NA,NA,NA,NA,NA,NA,180,479,58.6,67.7,183,3318,NA,674,NA,10,NA,0.203134418324292,3.52087638168834,14.915075653299,2.82865989653532,10.403117441548,0.766912625804577,1.51842957448756,"Antigone canadensis canadensis","M",NA,"NMDGF",0.0428585293050883
"190",NA,NA,44687,NA,NA,NA,NA,NA,NA,NA,NA,NA,NA,176,NA,59.7,69.1,189,3222,NA,614,NA,9.3,NA,0.19056486654252,3.5081255360832,14.7698191872938,2.78816837114117,9.47089947089947,0.897383526615667,NA,"Antigone canadensis canadensis","F",NA,"NMDGF",0.00934204355506107
"191",NA,NA,43322,NA,NA,NA,NA,NA,NA,NA,NA,NA,NA,164,433,60.5,72.1,187,3106,NA,570,NA,8.9,NA,0.183515775917579,3.49220145139254,14.5903983907609,2.75587485567249,9.3262604020704,1.00378578024007,1.73946204844018,"Antigone canadensis canadensis","F",NA,"NMDGF",-0.0142405890864437
"192",NA,NA,44712,NA,NA,NA,NA,NA,NA,NA,NA,NA,NA,168,457,58,68.7,172,3172,NA,580,NA,9,NA,0.182849936948298,3.50133317864557,14.6930196547085,2.76342799356294,11.2581124932396,0.990071343638526,1.59474069782474,"Antigone canadensis canadensis","F",NA,"NMDGF",-0.011682740260082
"193",NA,NA,47732,NA,NA,NA,NA,NA,NA,NA,NA,NA,NA,165,456,68.4,77.8,196,4034,NA,663,NA,9.4,NA,0.164352999504214,3.60573589387675,15.9188600481704,2.82151352840477,11.0258746355685,0.96360298383189,2.03702100646353,"Antigone canadensis canadensis","M",NA,"NMDGF",-0.0107081688980381
"194",NA,NA,46157,NA,NA,NA,NA,NA,NA,NA,NA,NA,NA,159,441,66.7,75.5,183,3340,NA,579,NA,9.9,NA,0.173353293413174,3.52374646681156,14.9479678673206,2.76267856372744,10.4720953148795,1.0461130947587,1.80326098693446,"Antigone canadensis canadensis","F",NA,"NMDGF",-0.0246928136916427
"195",NA,NA,40510,NA,NA,NA,NA,NA,NA,NA,NA,NA,NA,175,448,59.8,71.9,190,3403,NA,604,NA,9.1,NA,0.177490449603291,3.53186194909581,15.0413672930784,2.78103693862113,9.89792243767313,0.979438950046051,1.78030831473214,"Antigone canadensis canadensis","M",NA,"NMDGF",-0.010773815794322
"196",NA,NA,40668,NA,NA,NA,NA,NA,NA,NA,NA,NA,NA,197,543,89.4,106,256,6106,NA,800,NA,11.1,NA,0.131018670160498,3.78575679996264,18.2775900945208,2.90308998699194,9.78286743164062,1.001765625,2.17443504980515,"Antigone canadensis tabida","M",NA,"NMDGF",0.0196849123201267
"197",NA,NA,41362,NA,NA,NA,NA,NA,NA,NA,NA,NA,NA,200,522,92.2,107.9,243,6046,NA,785,NA,12,NA,0.129837909361561,3.7814681428418,18.2175252837974,2.89486965674525,10.7509017934258,1.03019189419449,2.32978817104858,"Antigone canadensis tabida","M",NA,"NMDGF",0.0142927300945628
"198",NA,NA,41750,NA,NA,NA,NA,NA,NA,NA,NA,NA,NA,200,529,77.7,88.8,254,5755,NA,725,NA,11,NA,0.125977410947003,3.76004532796581,17.9204306736418,2.86033800657099,9.36628123256247,1.14963139120095,2.15935120300456,"Antigone canadensis tabida","F",NA,"NMDGF",-0.00611167936277927
"199",NA,NA,40977,NA,NA,NA,NA,NA,NA,NA,NA,NA,NA,201,530,82.5,93.7,247,5210,NA,682,NA,10,NA,0.130902111324376,3.71683772329952,17.3358806249764,2.83378437465648,8.96670982969726,1.1761379761096,1.94749021003916,"Antigone canadensis tabida","F",NA,"NMDGF",-0.00417212607004971
"200",NA,NA,42298,NA,NA,NA,NA,NA,NA,NA,NA,NA,NA,194,503,77.7,90.9,236,5299,NA,682,NA,10.2,NA,0.12870352896773,3.72419391951433,17.4340373943697,2.83378437465648,9.98985564492962,1.19622939259208,2.19911149405752,"Antigone canadensis tabida","F",NA,"NMDGF",-0.00902315779902716
"201",NA,NA,44665,NA,NA,NA,NA,NA,NA,NA,NA,NA,NA,195,496,78.8,94.6,229,5064,NA,666,NA,10.5,NA,0.131516587677725,3.7044936970093,17.1724093437858,2.8234742291703,10.1393947483839,1.19876633390147,2.16132284079084,"Antigone canadensis tabida","F",NA,"NMDGF",-0.00634202332893005
"202",NA,NA,40770,NA,NA,NA,NA,NA,NA,NA,NA,NA,NA,208,530,83.4,98.8,244,5905,NA,731,NA,12.6,NA,0.123793395427604,3.77121990194953,18.0747916837947,2.86391737695786,10.4142871539909,1.16031110054813,2.20728017087932,"Antigone canadensis tabida","M",NA,"NMDGF",-0.00990136376590664
"203",NA,NA,42454,NA,NA,NA,NA,NA,NA,NA,NA,NA,NA,207,534,81.4,96.4,232,5392,NA,758,NA,13.2,NA,0.140578635014837,3.73174988352726,17.5354383910929,2.87966920563205,10.518727705113,0.985373256939175,1.98543954887851,"Antigone canadensis tabida","M",NA,"NMDGF",0.0318789048953012
"204",NA,NA,43320,NA,NA,NA,NA,NA,NA,NA,NA,NA,NA,195,522,82.8,99,245,5770,NA,802,NA,11.2,NA,0.138994800693241,3.76117581315573,17.9359866108571,2.90417436828416,10.0932944606414,0.941925112406018,2.22343330250584,"Antigone canadensis tabida","M",NA,"NMDGF",0.0369791857152673
"205",NA,NA,42991,NA,NA,NA,NA,NA,NA,NA,NA,NA,NA,198,511,86.2,101.3,249,5155,NA,695,NA,12.5,NA,0.134820562560621,3.71222866961954,17.2746619171041,2.84198480459011,8.73010112740117,1.1205941721443,2.07288957992655,"Antigone canadensis tabida","M",NA,"NMDGF",0.00706773687886952
"206",NA,NA,40320,NA,NA,NA,NA,NA,NA,NA,NA,NA,NA,211,534,90.9,107,247,5807,NA,788,NA,10.8,NA,0.135698295161013,3.76395182603332,17.9742429961238,2.89652621748956,9.99418118638234,0.981948452678503,2.13825064175399,"Antigone canadensis tabida","M",NA,"NMDGF",0.0275003977059872
"207",NA,NA,45745,NA,NA,NA,NA,NA,NA,NA,NA,NA,NA,185,511,81.7,98.2,231,5141,NA,717,NA,10.5,NA,0.139467029760747,3.71104760386703,17.2590095063041,2.8555191556678,10.1160960251869,1.05002246692693,2.06726000589765,"Antigone canadensis tabida","F",NA,"NMDGF",0.0213809398620914
"208",NA,NA,41030,NA,NA,NA,NA,NA,NA,NA,NA,NA,NA,197,533,89.3,106.2,247,6121,NA,768,NA,11.8,NA,0.125469694494364,3.78682237949919,18.2925447649908,2.88536122003151,10.5345932567326,1.08965555826823,2.26233680290332,"Antigone canadensis tabida","M",NA,"NMDGF",0.00125345065300373
"209",NA,NA,46967,NA,NA,NA,NA,NA,NA,NA,NA,NA,NA,183,509,87.2,102.3,218,4992,NA,721,NA,10.9,NA,0.14443108974359,3.69827457667437,17.0906347267917,2.85793526471943,11.029374631765,1.00830830965622,2.02315106086513,"Antigone canadensis tabida","F",NA,"NMDGF",0.0322202010941925
"210",NA,NA,46649,NA,NA,NA,NA,NA,NA,NA,NA,NA,NA,197,514,79.5,91.3,231,5256,NA,710,NA,11.9,NA,0.135083713850837,3.72065535655172,17.3867517068787,2.85125834871908,10.3423848878394,1.09478278119421,2.08890369271299,"Antigone canadensis tabida","F",NA,"NMDGF",0.0107843159018792
"211",NA,NA,45399,NA,NA,NA,NA,NA,NA,NA,NA,NA,NA,197,516,82.7,98.6,239,5147,NA,686,NA,12,NA,0.133281523217408,3.71155416825017,17.2657211575762,2.83632411570675,9.46123142101854,1.14840542631047,2.02975707589688,"Antigone canadensis tabida","F",NA,"NMDGF",0.00185184683562647
"212",NA,NA,44586,NA,NA,NA,NA,NA,NA,NA,NA,NA,NA,206,546,76.8,92.7,241,6127,NA,779,NA,11,NA,0.127142157662804,3.78724788033195,18.2985197922865,2.89153745767256,11.0765138341282,1.06013766373729,2.1580022541561,"Antigone canadensis tabida","M",NA,"NMDGF",0.00714909245618231
"213",NA,NA,45166,NA,NA,NA,NA,NA,NA,NA,NA,NA,NA,192,514,81.2,93.8,235,5285,NA,645,NA,12,NA,0.122043519394513,3.72304499164344,17.4186702313652,2.80955971463527,10.0484382073336,1.33387416621597,2.10042922678617,"Antigone canadensis tabida","F",NA,"NMDGF",-0.0324901591888997
"214",NA,NA,40147,NA,NA,NA,NA,NA,NA,NA,NA,NA,NA,193,526,87.8,99.7,246,5222,NA,730,NA,11,NA,0.139793182688625,3.71783686748693,17.3491801166713,2.86332286012046,9.06057902042435,1.02891724526178,1.98177651838251,"Antigone canadensis tabida","F",NA,"NMDGF",0.0247074753710746
"215",NA,NA,46757,NA,NA,NA,NA,NA,NA,NA,NA,NA,NA,185,500,93,106.7,244,5195,NA,739,NA,11.8,NA,0.142252165543792,3.7155855518932,17.3192275113406,2.86864443839483,9.16210360118248,0.998817111958705,2.1819,"Antigone canadensis tabida","M",NA,"NMDGF",0.0315136800825615
"216",NA,NA,43569,NA,NA,NA,NA,NA,NA,NA,NA,NA,NA,210,531,80.6,95.7,246,5691,NA,784,NA,12,NA,0.137761377613776,3.75518858560832,17.8537532613985,2.89431606268444,9.87433075550268,0.972177933673469,2.1192824539564,"Antigone canadensis tabida","M",NA,"NMDGF",0.0310691476648258
"217",NA,NA,48263,NA,NA,NA,NA,NA,NA,NA,NA,NA,NA,196,522,88.2,102.5,262,5825,NA,749,NA,11.8,NA,0.128583690987124,3.76529592969806,17.9927954706696,2.87448181769947,8.91010139269273,1.09023869832674,2.24462720746906,"Antigone canadensis tabida","M",NA,"NMDGF",0.0045696309221077
"218",NA,NA,48661,NA,NA,NA,NA,NA,NA,NA,NA,NA,NA,199,521,87.1,99.3,250,5238,NA,778,NA,11.8,NA,0.148529973272241,3.71916549408921,17.3668811161872,2.89097959698969,8.79984,0.908647841343898,2.02618616937014,"Antigone canadensis tabida","M",NA,"NMDGF",0.0514880515703829
"219",NA,NA,49343,NA,NA,NA,NA,NA,NA,NA,NA,NA,NA,194,514,97.3,113.8,247,5273,NA,820,NA,12.5,NA,0.155509197800114,3.72205777133146,17.4054767627828,2.91381385238372,9.07513645527709,0.823416121356336,2.09566004027313,"Antigone canadensis tabida","M",NA,"NMDGF",0.0724149994019887
"220",NA,NA,48831,NA,NA,NA,NA,NA,NA,NA,NA,NA,NA,190,502,84.4,98.7,212,4854,NA,724,NA,11.4,NA,0.149155335805521,3.68609977199592,16.9316750120634,2.85973856619715,11.3401121395514,0.972326088947224,2.02246789733496,"Antigone canadensis tabida","F",NA,"NMDGF",0.0420521578802623
"221",NA,NA,45400,NA,NA,NA,NA,NA,NA,NA,NA,NA,NA,185,493,83.1,96.1,227,5140,NA,692,NA,11,NA,0.134630350194553,3.71096311899528,17.2578903901354,2.84010609445676,10.4737138310466,1.12704233352267,2.22053989113306,"Antigone canadensis tabida","F",NA,"NMDGF",0.00602359206346369
"222",NA,NA,48220,NA,NA,NA,NA,NA,NA,NA,NA,NA,NA,194,509,86.6,102.2,220,4705,NA,668,NA,11.1,NA,0.141976620616366,3.67255962776328,16.7566246907685,2.82477646247555,10.2071280991736,1.10712332819391,1.90683608601171,"Antigone canadensis tabida","F",NA,"NMDGF",0.0160190804338541
"223",NA,NA,42489,NA,NA,NA,NA,NA,NA,NA,NA,NA,NA,189,506,78.5,91.8,239,5132,NA,714,NA,11.9,NA,0.13912704598597,3.71028664770289,17.2489322310433,2.85369821177617,9.43365837432818,1.05701103971,2.10462591198113,"Antigone canadensis tabida","F",NA,"NMDGF",0.0200618072855567
"224",NA,NA,42530,NA,NA,NA,NA,NA,NA,NA,NA,NA,NA,186,474,82.7,99.4,232,5165,NA,614,NA,10.2,NA,0.118877057115198,3.71307032585564,17.2858248681377,2.78816837114117,10.0758955112961,1.4385431145158,2.41380921860813,"Antigone canadensis tabida","F",NA,"NMDGF",-0.0473037254174602
"225",NA,NA,42763,NA,NA,NA,NA,NA,NA,NA,NA,NA,NA,160,435,63.3,73.8,187,3393,NA,635,NA,10.2,NA,0.187150014736222,3.53058385964512,15.0266193992282,2.80277372529198,10.1880236781149,0.883538967077934,1.88275862068966,"Antigone canadensis canadensis","M",NA,"NMDGF",0.0116621185929458
"226",NA,NA,41455,NA,NA,NA,NA,NA,NA,NA,NA,NA,NA,161,462,64.4,74.8,191,3305,NA,609,NA,9.2,NA,0.184266263237519,3.51917146382166,14.8955709551102,2.78461729263288,9.51248595159124,0.935677481456316,1.62583628492719,"Antigone canadensis canadensis","M",NA,"NMDGF",-0.000251440787933265
"227",NA,NA,43459,NA,NA,NA,NA,NA,NA,NA,NA,NA,NA,160,454,62.1,72.9,212,3498,NA,634,NA,9.7,NA,0.181246426529445,3.54381980514266,15.1800523188512,2.80208925788173,8.17216981132075,0.913756729592294,1.78195773253896,"Antigone canadensis canadensis","M",NA,"NMDGF",0.00373724945314374
"228",NA,NA,49968,NA,NA,NA,NA,NA,NA,NA,NA,NA,NA,154,459,56.6,67.5,195,3586,NA,636,NA,9.5,NA,0.177356385945343,3.55461028522616,15.3062955566212,2.80345711564841,9.90216962524655,0.930862109884894,1.78720435160266,"Antigone canadensis canadensis","M",NA,"NMDGF",-0.0007975621946053
