"","NMDGF","sample_year","NK","taxon_name","intermediate","sex","uncertain_sex","bursa","length_mm_1","length_mm_2","length_mm_3","anterior_width","poserior_width","width_2nd_curve","width_straight_mdpt","mass_trachea+syrinx","segment_count1","segment_count2","taxon.name","tail","wing.chord","anterior.culmen","posterior.culmen","tarsus","data.origin","mass","width_1st_curve","mean_trachea_length","segment_count_mean","County","Date","Age","trachea.diameter","segment_width","prop_trachea","log_mass","mass13","log_mtl","sus","BMI.tars","BMI.trach","BMI.wing"
"1",5,2020,281703,"Antigone canadensis canadensis",NA,"M","1","N",757,761,758,16.01,9.93,10.02,10.17,27.3,285,290,"Antigone canadensis canadensis",170,440,NA,NA,185,"MSB",3450,9.66,758.666666666667,287.5,NA,NA,NA,NA,2.61609195402299,0.219903381642512,3.53781909507327,15.1102980787737,2.88005100300337,"chill",10.5843681519357,0.629370507874636,1.87112603305785
"2",80,2020,281743,"Antigone canadensis canadensis",NA,"M","1",NA,662,667,664,13.23,9.5,8.85,8.3,16.8,286,276,"Antigone canadensis canadensis",175,485,64.25,78.84,188,"MSB",3850,NA,664.333333333333,281,NA,NA,NA,NA,2.40700483091787,0.172554112554113,3.5854607295085,15.6730520724067,2.82238604398083,"chill",11.4375848800362,0.915963020597178,1.71856732915294
"3",105,2020,281749,"Antigone canadensis tabida",NA,"M","1","N",774,771,768,15.7,9.79,11.12,10.61,24.6,321,326,"Antigone canadensis tabida",195,540,85.8,111.6,223,"MSB",5650,9.79,771,323.5,NA,NA,NA,NA,2.36503067484663,0.13646017699115,3.75204844781944,17.8107749432321,2.88705437805096,"chill",11.9296587504273,0.9979964369887,2.03446502057613
"4",109,2020,281755,"Antigone canadensis tabida",NA,"UNKOWN","1","Y",586,588,589,14.22,8.36,11.8,10.48,14.3,286,289,"Antigone canadensis tabida",191,546,73.59,92.1,228,"MSB",4600,11.76,587.666666666667,287.5,NA,NA,NA,NA,2.03344867358708,0.127753623188406,3.66275783168157,16.6310349884077,2.76913105757966,"chill",9.29132040627885,1.39857260013854,1.62017469709777
"5",27,2020,281775,"Antigone canadensis tabida",NA,"F","1",NA,713,708,715,15.51,9.57,10.11,9.26,24.1,299,289,"Antigone canadensis tabida",195,500,70.91,87.76,230,"MSB",4900,9.06,712,294,NA,NA,NA,NA,2.4636678200692,0.14530612244898,3.69019608002851,16.9849925224181,2.85247999363686,"chill",9.72589792060491,1.01490499936877,2.058
"6",4,2020,281782,"Antigone canadensis tabida",NA,"UNKOWN","1",NA,667,669,667,18.14,11.25,10.11,11.01,18.4,292,294,"Antigone canadensis tabida",190,521,85.67,104.18,240,"MSB",5300,10.24,667.666666666667,293,NA,NA,NA,NA,2.27097505668934,0.125974842767296,3.72427586960079,17.4351340126513,2.82455969457391,"chill",9.66145833333333,1.2483770599717,2.05016928172236
"7",75,2020,281793,"Antigone canadensis tabida",NA,"M","1","N",605,600,605,15.57,10.35,10.19,10.99,13.3,291,287,"Antigone canadensis tabida",159,494,74.18,92.59,237,"MSB",4850,9.86,603.333333333333,289,NA,NA,NA,NA,2.10220673635308,0.124398625429553,3.68574173860226,16.9270228137218,2.78055732014952,"sus",9.06638893339743,1.39899575715027,2.08678227802455
"8",86,2020,281799,"Antigone canadensis tabida",NA,"F","1","N",530,533,535,13.48,9.52,10.37,8.25,12.3,251,251,"Antigone canadensis tabida",190,510,75.88,86.62,227,"MSB",4700,9.66,532.666666666667,251,NA,NA,NA,NA,2.12217795484728,0.113333333333333,3.67209785793572,16.7506868360223,2.72645552025831,"chill",9.57713132410876,1.73930648604874,1.89734717416378
"9",89,2020,281802,"Antigone canadensis tabida",NA,"F","1","N",576,581,580,14.96,9.97,10.79,9.1,16.1,286,286,"Antigone canadensis tabida",167,495,71.6,90.46,216,"MSB",4550,8.97,579,286,NA,NA,NA,NA,2.02447552447552,0.127252747252747,3.65801139665711,16.5705579634347,2.76267856372744,"chill",10.2398405349794,1.42509418597367,1.94980104071013
"10",98,2020,281810,"Antigone canadensis tabida",NA,"F","1",NA,609,608,610,14.43,9.36,8.91,9.98,21.7,270,270,"Antigone canadensis tabida",190,511,76.17,95.07,228,"MSB",4900,8.17,609,270,NA,NA,NA,NA,2.25555555555556,0.124285714285714,3.69019608002851,16.9849925224181,2.78461729263288,"chill",9.89727608494922,1.38723741577487,1.97035091011447
"11",4,2020,281816,"Antigone canadensis tabida",NA,"UNKOWN","1","Y",650,645,644,18.07,10.76,11.75,11.78,NA,255,255,"Antigone canadensis tabida",179,500,72.42,95.78,238,"MSB",5300,11.14,646.333333333333,255,NA,NA,NA,NA,2.53464052287582,0.121949685534591,3.72427586960079,17.4351340126513,2.81045655435904,"chill",9.82451804251112,1.33214672046144,2.226
"12",13,2020,281823,"Antigone canadensis canadensis",NA,"UNKOWN","1","N",613,615,612,14.77,10.23,9.09,8.31,13.8,288,283,"Antigone canadensis canadensis",168,454,61.92,73.61,178,"MSB",3900,8.23,613.333333333333,285.5,NA,NA,NA,NA,2.16725559481743,0.157264957264957,3.5910646070265,15.7406091663144,2.78769656828987,"chill",12.9245044817574,1.08858104914934,1.98674532787362
"13",56,2020,281826,"Antigone canadensis tabida",NA,"UNKOWN","1","N",578,580,576,13.97,9.75,NA,9.21,16.2,269,272,"Antigone canadensis tabida",183,515,81.75,102.3,224,"MSB",4550,NA,578,270.5,NA,NA,NA,NA,2.125,0.127032967032967,3.65801139665711,16.5705579634347,2.76192783842053,"chill",9.521484375,1.4300295734007,1.8013007823546
"14",57,2020,281827,"Antigone canadensis tabida",NA,"F","1",NA,650,645,648,14.33,9.18,10.32,8.62,17,276,279,"Antigone canadensis tabida",209,520,90.15,108.78,234,"MSB",4950,9.26,647.666666666667,277.5,NA,NA,NA,NA,2.32138590203106,0.130841750841751,3.69460519893357,17.0425692085873,2.81135154588012,"chill",9.49211045364891,1.23905734429703,1.92215236686391
"15",62,2020,281829,"Antigone canadensis tabida",NA,"F","1","N",654,650,653,15.7,10.4,10.31,10.16,19.3,256,262,"Antigone canadensis tabida",195,534,85.22,105.95,235,"MSB",4900,10.1,652.333333333333,259,NA,NA,NA,NA,2.48982188295165,0.13312925170068,3.69019608002851,16.9849925224181,2.81446957093834,"chill",9.31643277501132,1.20905550062156,1.80427555443336
"16",79,2020,281846,"Antigone canadensis tabida",NA,"M","1","N",688,692,695,16.44,10.87,10.34,10.56,21.8,302,307,"Antigone canadensis tabida",209,537,87.88,105.55,225,"MSB",5350,12.5,691.666666666667,304.5,NA,NA,NA,NA,2.25298588490771,0.129283489096573,3.72835378202123,17.4897899626765,2.83989684632845,"chill",11.0962962962963,1.17421977064886,1.94802492639639
"17",188,2021,281852,"Antigone canadensis canadensis",NA,"M","1","N",605,603,604,14.21,9.59,9.32,8.67,15.5,289,284,NA,NA,NA,NA,NA,NA,"MSB",3700,10.54,604,286.5,NA,NA,NA,NA,2.12676056338028,0.163243243243243,3.568201724067,15.4668037377204,2.78103693862113,"chill",NA,1.06492039822815,NA
"18",196,2021,281854,"Antigone canadensis canadensis",NA,"M","1","N",662,660,663,14.2,9.99,10.4,9.22,12.7,293,283,NA,NA,NA,NA,NA,NA,"MSB",3250,10.6,661.666666666667,288,NA,NA,NA,NA,2.33804475853946,0.203589743589744,3.51188336097887,14.8124803420369,2.82063925637947,"chill",NA,0.779460563800291,NA
"19",220,2021,281858,"Antigone canadensis canadensis",NA,"M","1","N",644,645,644,13.95,10.6,8.99,9.56,19.6,304,307,NA,NA,NA,NA,NA,NA,"MSB",3950,10.58,644.333333333333,305.5,NA,NA,NA,NA,2.09880564603692,0.163122362869198,3.59659709562646,15.8075912888041,2.80911059930889,"chill",NA,0.998999327978752,NA
"20",NA,2009,170348,"Antigone canadensis tabida",NA,"F","0","N",721,NA,NA,NA,10.9,NA,NA,NA,NA,NA,NA,NA,NA,NA,NA,NA,"MSB",4992,NA,721,NA,NA,NA,NA,NA,NA,0.14443108974359,3.69827457667437,17.0906347267917,2.85793526471943,"chill",NA,1.00830830965622,NA
"21",NA,2009,170349,"Antigone canadensis tabida",NA,"M","0",NA,788,NA,NA,NA,10.8,NA,NA,NA,NA,NA,NA,NA,NA,NA,NA,NA,"MSB",5807,NA,788,NA,NA,NA,NA,NA,NA,0.135698295161013,3.76395182603332,17.9742429961238,2.89652621748956,"chill",NA,0.981948452678503,NA
"22",NA,2009,170353,"Antigone canadensis tabida",NA,"F","0","N",710,NA,NA,NA,11.9,NA,NA,NA,NA,NA,NA,NA,NA,NA,NA,NA,"MSB",5256,NA,710,NA,NA,NA,NA,NA,NA,0.135083713850837,3.72065535655172,17.3867517068787,2.85125834871908,"chill",NA,1.09478278119421,NA
"23",NA,2009,170354,"Antigone canadensis tabida",NA,"M","0",NA,768,NA,NA,NA,11.8,NA,NA,NA,NA,NA,NA,NA,NA,NA,NA,NA,"MSB",6121,NA,768,NA,NA,NA,NA,NA,NA,0.125469694494364,3.78682237949919,18.2925447649908,2.88536122003151,"chill",NA,1.08965555826823,NA
"24",NA,2009,170390,"Antigone canadensis tabida",NA,"M","0",NA,695,NA,NA,NA,12.5,NA,NA,NA,NA,NA,NA,NA,NA,NA,NA,NA,"MSB",5155,NA,695,NA,NA,NA,NA,NA,NA,0.134820562560621,3.71222866961954,17.2746619171041,2.84198480459011,"chill",NA,1.1205941721443,NA
"25",NA,2009,170391,"Antigone canadensis canadensis",NA,"M","0",NA,677,NA,NA,NA,8.9,NA,NA,NA,NA,NA,NA,NA,NA,NA,NA,NA,"MSB",3150,NA,677,NA,NA,NA,NA,NA,NA,0.214920634920635,3.4983105537896,14.6589720887824,2.83058866868514,"chill",NA,0.721643186444672,NA
"26",NA,2009,170392,"Antigone canadensis canadensis",NA,"F","0",NA,601,NA,NA,NA,9.3,NA,NA,NA,NA,NA,NA,NA,NA,NA,NA,NA,"MSB",3169,NA,601,NA,NA,NA,NA,NA,NA,0.189649731776586,3.5009222391903,14.6883860941191,2.77887447200274,"chill",NA,0.921218379794076,NA
"27",NA,2009,170394,"Antigone canadensis canadensis",NA,"F","0",NA,522,NA,NA,NA,10.2,NA,NA,NA,NA,NA,NA,NA,NA,NA,NA,NA,"MSB",3033,NA,522,NA,NA,NA,NA,NA,NA,0.172106824925816,3.48187241031066,14.4751854612156,2.71767050300226,NA,NA,1.16874752279033,NA
"28",NA,2009,170395,"Antigone canadensis tabida",NA,"F","0",NA,668,NA,NA,NA,11.1,NA,NA,NA,NA,NA,NA,NA,NA,NA,NA,NA,"MSB",4705,NA,668,NA,NA,NA,NA,NA,NA,0.141976620616366,3.67255962776328,16.7566246907685,2.82477646247555,"chill",NA,1.10712332819391,NA
"29",NA,2009,170396,"Antigone canadensis tabida",NA,"F","0",NA,614,NA,NA,NA,10.2,NA,NA,NA,NA,NA,NA,NA,NA,NA,NA,NA,"MSB",5165,NA,614,NA,NA,NA,NA,NA,NA,0.118877057115198,3.71307032585564,17.2858248681377,2.78816837114117,"chill",NA,1.4385431145158,NA
"30",NA,2009,170397,"Antigone canadensis canadensis",NA,"F","0",NA,492,NA,NA,NA,10.5,NA,NA,NA,NA,NA,NA,NA,NA,NA,NA,NA,"MSB",2857,NA,492,NA,NA,NA,NA,NA,NA,0.172208610430522,3.45591024038274,14.1895976185268,2.69196510276736,NA,NA,1.23927969462621,NA
"31",NA,2009,170398,"Antigone canadensis tabida",NA,"F","0","N",724,NA,NA,NA,11.4,NA,NA,NA,NA,NA,NA,NA,NA,NA,NA,NA,"MSB",4854,NA,724,NA,NA,NA,NA,NA,NA,0.149155335805521,3.68609977199592,16.9316750120634,2.85973856619715,"chill",NA,0.972326088947224,NA
"32",NA,2009,170399,"Antigone canadensis tabida",NA,"M","0","N",785,NA,NA,NA,12,NA,NA,NA,NA,NA,NA,NA,NA,NA,NA,NA,"MSB",6046,NA,785,NA,NA,NA,NA,NA,NA,0.129837909361561,3.7814681428418,18.2175252837974,2.89486965674525,"chill",NA,1.03019189419449,NA
"33",NA,2009,170400,"Antigone canadensis tabida",NA,"M","0","N",800,NA,NA,NA,11.1,NA,NA,NA,NA,NA,NA,NA,NA,NA,NA,NA,"MSB",6106,NA,800,NA,NA,NA,NA,NA,NA,0.131018670160498,3.78575679996264,18.2775900945208,2.90308998699194,"chill",NA,1.001765625,NA
"34",NA,2009,170401,"Antigone canadensis tabida",NA,"M","0","N",749,NA,NA,NA,11.8,NA,NA,NA,NA,NA,NA,NA,NA,NA,NA,NA,"MSB",5825,NA,749,NA,NA,NA,NA,NA,NA,0.128583690987124,3.76529592969806,17.9927954706696,2.87448181769947,"chill",NA,1.09023869832674,NA
"35",NA,2009,170402,"Antigone canadensis tabida",NA,"M","0","N",784,NA,NA,NA,12,NA,NA,NA,NA,NA,NA,NA,NA,NA,NA,NA,"MSB",5691,NA,784,NA,NA,NA,NA,NA,NA,0.137761377613776,3.75518858560832,17.8537532613985,2.89431606268444,"chill",NA,0.972177933673469,NA
"36",NA,2009,170403,"Antigone canadensis tabida",NA,"M","0","Y",709,NA,NA,NA,11.5,NA,NA,NA,NA,NA,NA,NA,NA,NA,NA,NA,"MSB",5334,NA,709,NA,NA,NA,NA,NA,NA,0.132920884889389,3.72705301135386,17.472337248116,2.85064623518307,"chill",NA,1.11416584275117,NA
"37",NA,2009,170404,"Antigone canadensis canadensis",NA,"M","0","Y",636,NA,NA,NA,9.5,NA,NA,NA,NA,NA,NA,NA,NA,NA,NA,NA,"MSB",3586,NA,636,NA,NA,NA,NA,NA,NA,0.177356385945343,3.55461028522616,15.3062955566212,2.80345711564841,"chill",NA,0.930862109884894,NA
"38",NA,2009,170405,"Antigone canadensis canadensis",NA,"F","0","N",580,NA,NA,NA,9,NA,NA,NA,NA,NA,NA,NA,NA,NA,NA,NA,"MSB",3172,NA,580,NA,NA,NA,NA,NA,NA,0.182849936948298,3.50133317864557,14.6930196547085,2.76342799356294,"chill",NA,0.990071343638526,NA
"39",NA,2009,170406,"Antigone canadensis canadensis",NA,"M","0","Y",634,NA,NA,NA,9.7,NA,NA,NA,NA,NA,NA,NA,NA,NA,NA,NA,"MSB",3498,NA,634,NA,NA,NA,NA,NA,NA,0.181246426529445,3.54381980514266,15.1800523188512,2.80208925788173,"chill",NA,0.913756729592294,NA
"40",NA,2009,170410,"Antigone canadensis tabida",NA,"M","0","N",802,NA,NA,NA,11.2,NA,NA,NA,NA,NA,NA,NA,NA,NA,NA,NA,"MSB",5770,NA,802,NA,NA,NA,NA,NA,NA,0.138994800693241,3.76117581315573,17.9359866108571,2.90417436828416,"chill",NA,0.941925112406018,NA
"41",NA,2009,170411,"Antigone canadensis tabida",NA,"M","0","N",749,NA,NA,NA,10.8,NA,NA,NA,NA,NA,NA,NA,NA,NA,NA,NA,"MSB",5814,NA,749,NA,NA,NA,NA,NA,NA,0.128826969384245,3.76447502743441,17.9814623967723,2.87448181769947,"chill",NA,1.08817987846724,NA
"42",NA,2009,170412,"Antigone canadensis tabida",NA,"M","0","N",820,NA,NA,NA,12.5,NA,NA,NA,NA,NA,NA,NA,NA,NA,NA,NA,"MSB",5273,NA,820,NA,NA,NA,NA,NA,NA,0.155509197800114,3.72205777133146,17.4054767627828,2.91381385238372,"chill",NA,0.823416121356336,NA
"43",NA,2009,170413,"Antigone canadensis tabida",NA,"F","0","N",692,NA,NA,NA,11,NA,NA,NA,NA,NA,NA,NA,NA,NA,NA,NA,"MSB",5140,NA,692,NA,NA,NA,NA,NA,NA,0.134630350194553,3.71096311899528,17.2578903901354,2.84010609445676,"chill",NA,1.12704233352267,NA
"44",NA,2009,170416,"Antigone canadensis canadensis",NA,"F","0",NA,614,NA,NA,NA,9.3,NA,NA,NA,NA,NA,NA,NA,NA,NA,NA,NA,"MSB",3222,NA,614,NA,NA,NA,NA,NA,NA,0.19056486654252,3.5081255360832,14.7698191872938,2.78816837114117,"chill",NA,0.897383526615667,NA
"45",NA,2009,170417,"Antigone canadensis canadensis",NA,"F","0","N",567,NA,NA,NA,9.2,NA,NA,NA,NA,NA,NA,NA,NA,NA,NA,NA,"MSB",3480,NA,567,NA,NA,NA,NA,NA,NA,0.162931034482759,3.54157924394658,15.1539697033502,2.75358305889291,"chill",NA,1.13658632177151,NA
"46",NA,2009,170418,"Antigone canadensis canadensis",NA,"M","0","N",674,NA,NA,NA,10,NA,NA,NA,NA,NA,NA,NA,NA,NA,NA,NA,"MSB",3318,NA,674,NA,NA,NA,NA,NA,NA,0.203134418324292,3.52087638168834,14.915075653299,2.82865989653532,"chill",NA,0.766912625804577,NA
"47",NA,2009,170422,"Antigone canadensis canadensis",NA,"F","0","N",570,NA,NA,NA,8.9,NA,NA,NA,NA,NA,NA,NA,NA,NA,NA,NA,"MSB",3106,NA,570,NA,NA,NA,NA,NA,NA,0.183515775917579,3.49220145139254,14.5903983907609,2.75587485567249,"chill",NA,1.00378578024007,NA
"48",NA,2009,170423,"Antigone canadensis canadensis",NA,"F","0","N",500,NA,NA,NA,8.9,NA,NA,NA,NA,NA,NA,NA,NA,NA,NA,NA,"MSB",2981,NA,500,NA,NA,NA,NA,NA,NA,0.167728950016773,3.47436197603263,14.3919837069861,2.69897000433602,"chill",NA,1.25202,NA
"49",NA,2009,170424,"Antigone canadensis canadensis",NA,"M","0","Y",635,NA,NA,NA,10.2,NA,NA,NA,NA,NA,NA,NA,NA,NA,NA,NA,"MSB",3393,NA,635,NA,NA,NA,NA,NA,NA,0.187150014736222,3.53058385964512,15.0266193992282,2.80277372529198,"chill",NA,0.883538967077934,NA
"50",NA,2009,170425,"Antigone canadensis canadensis",NA,"M","0","Y",609,NA,NA,NA,9.2,NA,NA,NA,NA,NA,NA,NA,NA,NA,NA,NA,"MSB",3305,NA,609,NA,NA,NA,NA,NA,NA,0.184266263237519,3.51917146382166,14.8955709551102,2.78461729263288,"chill",NA,0.935677481456316,NA
"51",NA,2009,170426,"Antigone canadensis tabida",NA,"F","0","N",730,NA,NA,NA,11,NA,NA,NA,NA,NA,NA,NA,NA,NA,NA,NA,"MSB",5222,NA,730,NA,NA,NA,NA,NA,NA,0.139793182688625,3.71783686748693,17.3491801166713,2.86332286012046,"chill",NA,1.02891724526178,NA
"52",NA,2009,170427,"Antigone canadensis tabida",NA,"M","0","N",739,NA,NA,NA,11.8,NA,NA,NA,NA,NA,NA,NA,NA,NA,NA,NA,"MSB",5195,NA,739,NA,NA,NA,NA,NA,NA,0.142252165543792,3.7155855518932,17.3192275113406,2.86864443839483,"chill",NA,0.998817111958705,NA
"53",NA,2009,170629,"Antigone canadensis tabida",NA,"M","0","N",779,NA,NA,NA,11,NA,NA,NA,NA,NA,NA,NA,NA,NA,NA,NA,"MSB",6127,NA,779,NA,NA,NA,NA,NA,NA,0.127142157662804,3.78724788033195,18.2985197922865,2.89153745767256,"chill",NA,1.06013766373729,NA
"54",NA,2009,170630,"Antigone canadensis canadensis",NA,"M","0","N",604,NA,NA,NA,9.1,NA,NA,NA,NA,NA,NA,NA,NA,NA,NA,NA,"MSB",3403,NA,604,NA,NA,NA,NA,NA,NA,0.177490449603291,3.53186194909581,15.0413672930784,2.78103693862113,"chill",NA,0.979438950046051,NA
"55",NA,2009,170635,"Antigone canadensis tabida",NA,"F","0","N",686,NA,NA,NA,12,NA,NA,NA,NA,NA,NA,NA,NA,NA,NA,NA,"MSB",5417,NA,686,NA,NA,NA,NA,NA,NA,0.126638360716264,3.7337588355872,17.5624976254097,2.83632411570675,"chill",NA,1.20864818230499,NA
"56",NA,2009,170638,"Antigone canadensis tabida",NA,"F","0","N",645,NA,NA,NA,12,NA,NA,NA,NA,NA,NA,NA,NA,NA,NA,NA,"MSB",5285,NA,645,NA,NA,NA,NA,NA,NA,0.122043519394513,3.72304499164344,17.4186702313652,2.80955971463527,"chill",NA,1.33387416621597,NA
"57",NA,2009,170688,"Antigone canadensis tabida",NA,"F","0",NA,714,NA,NA,NA,11.9,NA,NA,NA,NA,NA,NA,NA,NA,NA,NA,NA,"MSB",5132,NA,714,NA,NA,NA,NA,NA,NA,0.13912704598597,3.71028664770289,17.2489322310433,2.85369821177617,"chill",NA,1.05701103971,NA
"58",NA,2009,170689,"Antigone canadensis canadensis",NA,"F","0","N",579,NA,NA,NA,9.9,NA,NA,NA,NA,NA,NA,NA,NA,NA,NA,NA,"MSB",3340,NA,579,NA,NA,NA,NA,NA,NA,0.173353293413174,3.52374646681156,14.9479678673206,2.76267856372744,"chill",NA,1.0461130947587,NA
"59",NA,2009,170690,"Antigone canadensis tabida",NA,"M","0","N",653,NA,NA,NA,9.11,NA,NA,NA,NA,NA,NA,NA,NA,NA,NA,NA,"MSB",4237,NA,653,NA,NA,NA,NA,NA,NA,0.154118480056644,3.62705846400099,16.1815264702016,2.81491318127507,"sus",NA,1.04332929183014,NA
"60",NA,2009,170691,"Antigone canadensis tabida",NA,"M","0","N",663,NA,NA,NA,10.2,NA,NA,NA,NA,NA,NA,NA,NA,NA,NA,NA,"MSB",4034,NA,663,NA,NA,NA,NA,NA,NA,0.164352999504214,3.60573589387675,15.9188600481704,2.82151352840477,"sus",NA,0.96360298383189,NA
"61",NA,2009,170711,"Antigone canadensis canadensis",NA,"F","0","N",625,NA,NA,NA,8.8,NA,NA,NA,NA,NA,NA,NA,NA,NA,NA,NA,"MSB",2755,NA,625,NA,NA,NA,NA,NA,NA,0.226860254083485,3.4401216031878,14.0186825406657,2.79588001734408,"chill",NA,0.740544,NA
"62",NA,2009,170718,"Antigone canadensis tabida",NA,"M","0","Y",761,NA,NA,NA,11.2,NA,NA,NA,NA,NA,NA,NA,NA,NA,NA,NA,"MSB",5622,NA,761,NA,NA,NA,NA,NA,NA,0.135361081465671,3.74989084127142,17.7813042772694,2.88138465677057,"chill",NA,1.01932066010385,NA
"63",NA,2009,170755,"Antigone canadensis tabida",NA,"M","0","Y",698,NA,NA,NA,12.6,NA,NA,NA,NA,NA,NA,NA,NA,NA,NA,NA,"MSB",5126,NA,698,NA,NA,NA,NA,NA,NA,0.136168552477565,3.70977860184823,17.2422075004471,2.84385542262316,"chill",NA,1.10473230925854,NA
"64",NA,2009,170756,"Antigone canadensis tabida",NA,"F","0","Y",619,NA,NA,NA,10.7,NA,NA,NA,NA,NA,NA,NA,NA,NA,NA,NA,"MSB",4588,NA,619,NA,NA,NA,NA,NA,NA,0.134917175239756,3.66162340922923,16.6165606251437,2.79169064902012,"chill",NA,1.25727827205796,NA
"65",NA,2009,170757,"Antigone canadensis tabida",NA,"M","0","N",758,NA,NA,NA,13.2,NA,NA,NA,NA,NA,NA,NA,NA,NA,NA,NA,"MSB",5392,NA,758,NA,NA,NA,NA,NA,NA,0.140578635014837,3.73174988352726,17.5354383910929,2.87966920563205,"chill",NA,0.985373256939175,NA
"66",NA,2009,170758,"Antigone canadensis tabida",NA,NA,"0","N",731,NA,NA,NA,12.6,NA,NA,NA,NA,NA,NA,NA,NA,NA,NA,NA,"MSB",5905,NA,731,NA,NA,NA,NA,NA,NA,0.123793395427604,3.77121990194953,18.0747916837947,2.86391737695786,"chill",NA,1.16031110054813,NA
"67",NA,2009,170764,"Antigone canadensis canadensis",NA,"F","0","N",554,NA,NA,NA,9.5,NA,NA,NA,NA,NA,NA,NA,NA,NA,NA,NA,"MSB",2990,NA,554,NA,NA,NA,NA,NA,NA,0.185284280936455,3.47567118832443,14.4064528692515,2.74350976472843,"chill",NA,1.02291832292875,NA
"68",NA,2009,170766,"Antigone canadensis canadensis",NA,"M","0","N",674,NA,NA,NA,9.9,NA,NA,NA,NA,NA,NA,NA,NA,NA,NA,NA,"MSB",3523,NA,674,NA,NA,NA,NA,NA,NA,0.191314220834516,3.54691264318124,15.2161301528044,2.82865989653532,"chill",NA,0.814295714499555,NA
"69",NA,2009,170772,"Antigone canadensis canadensis",NA,"F","0","N",662,NA,NA,NA,9.8,NA,NA,NA,NA,NA,NA,NA,NA,NA,NA,NA,"MSB",3559,NA,662,NA,NA,NA,NA,NA,NA,0.186007305422872,3.55132798800385,15.2677836074633,2.8208579894397,"chill",NA,0.852709905897171,NA
"70",NA,2009,170788,"Antigone canadensis tabida",NA,"F","0","N",682,NA,NA,NA,10,NA,NA,NA,NA,NA,NA,NA,NA,NA,NA,NA,"MSB",5210,NA,682,NA,NA,NA,NA,NA,NA,0.130902111324376,3.71683772329952,17.3358806249764,2.83378437465648,"chill",NA,1.1761379761096,NA
"71",NA,2009,170795,"Antigone canadensis tabida",NA,"F","0","N",682,NA,NA,NA,10.2,NA,NA,NA,NA,NA,NA,NA,NA,NA,NA,NA,"MSB",5299,NA,682,NA,NA,NA,NA,NA,NA,0.12870352896773,3.72419391951433,17.4340373943697,2.83378437465648,"chill",NA,1.19622939259208,NA
"72",NA,2009,170828,"Antigone canadensis tabida",NA,"M","0","N",778,NA,NA,NA,11.8,NA,NA,NA,NA,NA,NA,NA,NA,NA,NA,NA,"MSB",5238,NA,778,NA,NA,NA,NA,NA,NA,0.148529973272241,3.71916549408921,17.3668811161872,2.89097959698969,"chill",NA,0.908647841343898,NA
"73",NA,2009,170829,"Antigone canadensis tabida",NA,"F","0","Y",644,NA,NA,NA,10.4,NA,NA,NA,NA,NA,NA,NA,NA,NA,NA,NA,"MSB",4890,NA,644,NA,NA,NA,NA,NA,NA,0.131697341513292,3.68930885912362,16.9734302366649,2.80888586735981,"chill",NA,1.23801647312989,NA
"74",NA,2009,170834,"Antigone canadensis tabida",NA,"F","0","N",666,NA,NA,NA,10.5,NA,NA,NA,NA,NA,NA,NA,NA,NA,NA,NA,"MSB",5064,NA,666,NA,NA,NA,NA,NA,NA,0.131516587677725,3.7044936970093,17.1724093437858,2.8234742291703,"chill",NA,1.19876633390147,NA
"75",NA,2009,170845,"Antigone canadensis tabida",NA,"F","0","N",611,NA,NA,NA,11.5,NA,NA,NA,NA,NA,NA,NA,NA,NA,NA,NA,"MSB",4560,NA,611,NA,NA,NA,NA,NA,NA,0.133991228070175,3.65896484266443,16.5826886836994,2.78604121024255,"chill",NA,1.28254236970328,NA
"76",1,2020,281701,"Antigone canadensis tabida",NA,"M","0","N",721,730,729,18.84,10.82,10.77,10.85,22.5,293,289,"Antigone canadensis tabida",190,505,87.21,104.77,253,"MSB",5850,11.3,726.666666666667,291,NA,NA,NA,NA,2.51441753171857,0.124216524216524,3.76715586608218,18.0184994991457,2.86133523888494,"chill",9.59630676936056,1.16325435569397,2.4085873933928
"77",2,2020,281702,"Antigone canadensis tabida",NA,"M","0",NA,695,696,695,18.01,11.26,10.42,11.6,29.4,280,283,"Antigone canadensis tabida",220,543,89.42,109.51,259,"MSB",6300,NA,695.333333333333,281.5,NA,NA,NA,NA,2.45700824499411,0.11037037037037,3.79934054945358,18.4691475044783,2.84219304937085,"chill",9.86121256391527,1.36818161344084,2.2435212600348
"78",4,2020,281704,"Antigone canadensis tabida",NA,"M","0","N",760,758,759,13.57,10.3,9.38,9.36,22,289,290,"Antigone canadensis tabida",210,530,90.6,106.85,250,"MSB",5900,12,759,289.5,NA,NA,NA,NA,2.61724137931034,0.12864406779661,3.77085201164214,18.0696886932119,2.88024177589548,"chill",9.912,1.075369609482,2.20541117835529
"79",5,2020,281705,"Antigone canadensis tabida",NA,"M","0","N",795,791,791,17.03,10.27,9.35,9.52,32,NA,273,"Antigone canadensis tabida",200,515,80.05,94.2,240,"MSB",5300,9.69,792.333333333333,NA,NA,NA,NA,NA,2.9023199023199,0.149496855345912,3.72427586960079,17.4351340126513,2.89890792700852,"chill",9.66145833333333,0.886439937920002,2.09821849373174
"80",7,2020,281706,"Antigone canadensis tabida",NA,"M","0","N",667,670,667,15,9.17,10.16,9.79,18.4,290,303,"Antigone canadensis tabida",205,530,84.81,97.49,240,"MSB",5400,10.12,668,296.5,NA,NA,NA,NA,2.2046204620462,0.123703703703704,3.73239375982297,17.5441064292772,2.82477646247555,"chill",9.84375,1.27066226827782,2.0185119259523
"81",6,2020,281707,"Antigone canadensis tabida",NA,"M","0","N",768,763,764,15.48,11.91,9.72,10.87,21.4,310,304,"Antigone canadensis tabida",205,523,79.54,97.09,262,"MSB",6300,13.51,765,307,NA,NA,NA,NA,2.51644736842105,0.121428571428571,3.79934054945358,18.4691475044783,2.88366143515362,"chill",9.63667618437154,1.13033448673587,2.4183907373624
"82",9,2020,281709,"Antigone canadensis tabida",NA,"M","0","N",705,704,708,15.67,11.35,9.79,10.08,17.7,295,304,"Antigone canadensis tabida",240,480,92.82,109.09,240,"MSB",5800,9.86,705.666666666667,299.5,NA,NA,NA,NA,2.32127192982456,0.121666666666667,3.76342799356294,17.9670177914305,2.84859960329975,"chill",10.5729166666667,1.2229764269676,2.64322916666667
"83",18,2020,281710,"Antigone canadensis canadensis",NA,"M","0","Y",551,548,549,14.27,8.27,9.68,9.27,13,296,299,"Antigone canadensis canadensis",150,460,58.27,67.37,202,"MSB",3200,10.13,549.333333333333,297.5,NA,NA,NA,NA,1.83723522853958,0.171666666666667,3.50514997831991,14.7361259945615,2.73983595264143,"sus",8.23448681501814,1.11344141766425,1.58790170132325
"84",20,2020,281713,"Antigone canadensis tabida",NA,"M","0","N",662,664,658,16.45,12.34,11.42,11.1,18.2,273,272,"Antigone canadensis tabida",180,510,75.24,96.64,245,"MSB",5300,10.6,661.333333333333,272.5,NA,NA,NA,NA,2.43137254901961,0.124779874213836,3.72427586960079,17.4351340126513,2.8204204130985,"chill",9.27113702623907,1.27240199824402,2.13956170703576
"85",22,2020,281714,"Antigone canadensis tabida",NA,"M","0","N",685,688,681,15.14,11.47,11.42,9.48,16.9,309,304,"Antigone canadensis tabida",195,535,97.64,77,260,"MSB",5750,12.22,684.666666666667,306.5,NA,NA,NA,NA,2.25219298245614,0.119072463768116,3.75966784468963,17.9152393550797,2.8354791845416,"chill",8.93121301775148,1.28794932157929,2.10935452877981
"86",25,2020,281717,"Antigone canadensis canadensis",NA,"M","0","N",632,634,632,13.39,8.51,10.81,9.04,15.6,293,294,"Antigone canadensis canadensis",180,484,67.93,79.44,204,"MSB",3900,9.71,632.666666666667,293.5,NA,NA,NA,NA,2.15192743764172,0.162222222222222,3.5910646070265,15.7406091663144,2.80117495337161,"chill",9.83996539792388,1.02306681871328,1.74808756232498
"87",27,2020,281719,"Antigone canadensis canadensis",NA,"M","0","N",684,675,679,15.99,8.17,7.97,8.88,17.8,280,274,"Antigone canadensis canadensis",190,460,65.53,77.51,190,"MSB",3950,8.99,679.333333333333,277,NA,NA,NA,NA,2.47931873479319,0.171983122362869,3.59659709562646,15.8075912888041,2.83208292495075,"chill",11.48891966759,0.898712008636688,1.96006616257089
"88",28,2020,281720,"Antigone canadensis canadensis",NA,"M","0","Y",524,526,523,13.54,8.91,9.52,8.32,12,280,274,"Antigone canadensis canadensis",160,430,54.73,64.5,180,"MSB",3100,9.16,524.333333333333,277,NA,NA,NA,NA,1.91362530413625,0.169139784946237,3.49136169383427,14.5809973582671,2.71960746790362,"sus",10.0462962962963,1.18395734762839,1.76041103299081
"89",30,2020,281722,"Antigone canadensis tabida",NA,"M","0","N",738,742,740,16.3,11.15,11.53,9.79,24.5,293,297,"Antigone canadensis tabida",220,557,82.07,103.32,238,"MSB",5600,14.04,740,295,NA,NA,NA,NA,2.49158249158249,0.132142857142857,3.7481880270062,17.758080034852,2.86923171973098,"chill",10.3806228373702,1.07377647918188,1.89525187832999
"90",29,2020,281724,"Antigone canadensis tabida",NA,"M","0","N",657,663,659,13.33,10.54,8.38,11.02,18.1,306,304,"Antigone canadensis tabida",177,534,73.16,97.62,248,"MSB",5050,9.32,659.666666666667,305,NA,NA,NA,NA,2.16995614035088,0.130627062706271,3.70329137811866,17.1565697162171,2.81932453948673,"chill",8.62139047866805,1.21851701583147,1.85950847956908
"91",38,2020,281725,"Antigone canadensis tabida",NA,"F","0",NA,716,717,709,14.29,10.59,10.26,9.58,16.1,311,309,"Antigone canadensis tabida",195,510,76.99,98.28,223,"MSB",5100,10.14,714,310,NA,NA,NA,NA,2.31067961165049,0.14,3.70757017609794,17.2130062072632,2.85369821177617,"chill",10.7683645357839,1.05042016806723,2.05882352941176
"92",66,2020,281729,"Antigone canadensis tabida",NA,"F","0","N",616,610,614,14.62,9.93,9.74,10.04,17.9,262,269,"Antigone canadensis tabida",185,505,76.56,89,223,"MSB",5000,9.59,613.333333333333,265.5,NA,NA,NA,NA,2.28004956629492,0.122666666666667,3.69897000433602,17.099759466767,2.78769656828987,"chill",10.5572201331215,1.39561672967864,2.05862170375453
"93",67,2020,281730,"Antigone canadensis tabida",NA,"F","0","N",631,634,632,13.38,10.14,9.72,9.3,19.2,298,300,"Antigone canadensis tabida",200,520,83.67,98.75,235,"MSB",5400,10.27,632.333333333333,299,NA,NA,NA,NA,2.10777777777778,0.117098765432099,3.73239375982297,17.5441064292772,2.800946076169,"chill",10.2670891806247,1.41804791795941,2.09689349112426
"94",69,2020,281732,"Antigone canadensis tabida",NA,"M","0","N",602,603,602,14.81,8.2,9.32,9.54,12.5,NA,NA,"Antigone canadensis tabida",175,505,67.66,84.92,228,"MSB",4250,9.03,602.333333333333,NA,NA,NA,NA,NA,NA,0.141725490196078,3.62838893005031,16.1980590063874,2.77983689784127,"sus",8.58437211449677,1.22999807977891,1.74982844819135
"95",70,2020,281733,"Antigone canadensis tabida",NA,"F","0",NA,730,728,726,16.01,9.29,8.82,9.67,20.6,289,294,"Antigone canadensis tabida",190,530,78.55,102.49,225,"MSB",5350,12.84,728,291.5,NA,NA,NA,NA,2.47619047619048,0.13607476635514,3.72835378202123,17.4897899626765,2.86213137931304,"chill",11.0962962962963,1.05993765849535,1.999822000712
"96",71,2020,281734,"Antigone canadensis tabida",NA,"M","0","Y",728,724,728,14.61,10.43,10.09,10.29,16.8,306,307,"Antigone canadensis tabida",190,521,81.36,96.03,253,"MSB",5300,8.77,726.666666666667,306.5,NA,NA,NA,NA,2.36699239956569,0.137106918238994,3.72427586960079,17.4351340126513,2.86133523888494,"chill",8.69408989360871,1.05388856156889,2.05016928172236
"97",75,2020,281738,"Antigone canadensis tabida",NA,"M","0","N",664,656,661,16.78,10.95,11.11,10.76,17.8,252,260,"Antigone canadensis tabida",192,495,86.11,104.91,223,"MSB",5800,12.19,660.333333333333,256,NA,NA,NA,NA,2.53974358974359,0.113850574712644,3.76342799356294,17.9670177914305,2.81976322081888,"chill",12.246375354421,1.39666050090703,2.48546066727885
"98",76,2020,281739,"Antigone canadensis tabida",NA,"F","0",NA,716,711,714,13.24,9.84,10.59,10.29,19.3,284,283,"Antigone canadensis tabida",200,508,81.99,103.01,239,"MSB",5000,9.19,713.666666666667,283.5,NA,NA,NA,NA,2.52179034157833,0.142733333333333,3.69897000433602,17.099759466767,2.85349541257478,"chill",9.19101556345302,1.03078592136227,2.03437906875814
"99",77,2020,281740,"Antigone canadensis tabida",NA,"M","0",NA,757,759,760,14.8,10.55,9.44,10.41,21.9,293,296,"Antigone canadensis tabida",203,522,NA,NA,259,"MSB",5550,11.2,758.666666666667,294.5,NA,NA,NA,NA,2.56306306306306,0.136696696696697,3.74429298312268,17.7050705253456,2.88005100300337,"chill",8.68725868725869,1.01246559962441,2.13865768265293
"100",81,2020,281744,"Antigone canadensis canadensis",NA,"M","0","N",602,601,604,14.84,9.13,8.73,8.32,15.2,288,284,"Antigone canadensis canadensis",155,450,56.3,71.48,187,"MSB",3350,10.06,602.333333333333,286,NA,NA,NA,NA,2.12089201877934,0.179800995024876,3.52504480703685,14.9628711352849,2.77983689784127,"chill",10.0589093196831,0.969527898178669,1.73703703703704
"101",100,2020,281746,"Antigone canadensis tabida",NA,"F","0","N",666,664,663,15.1,10.65,10.34,9.62,21.2,279,279,"Antigone canadensis tabida",180,505,81.44,102.34,228,"MSB",5300,9.57,664.333333333333,279,NA,NA,NA,NA,2.38112305854241,0.125345911949686,3.72427586960079,17.4351340126513,2.82238604398083,"chill",10.705216989843,1.26093610627663,2.18213900597981
"102",103,2020,281747,"Antigone canadensis tabida",NA,"M","0","Y",574,576,572,15.32,12.65,12.75,9.98,15.2,291,295,"Antigone canadensis tabida",171,548,68.83,93.01,227,"MSB",5100,10.38,574,293,NA,NA,NA,NA,1.94576271186441,0.112549019607843,3.70757017609794,17.2130062072632,2.75891189239797,"sus",10.3922063304159,1.62530806492734,1.78319303106186
"103",104,2020,281748,"Antigone canadensis tabida",NA,"M","0","N",720,722,720,16.03,10.05,11.03,10.07,21.5,306,304,"Antigone canadensis tabida",262,529,88.75,112.96,242,"MSB",5000,10.74,720.666666666667,305,NA,NA,NA,NA,2.37061403508772,0.144133333333333,3.69897000433602,17.099759466767,2.85773443489763,"chill",8.96455160166655,1.01085865436207,1.87606533710214
"104",106,2020,281750,"Antigone canadensis tabida",NA,"M","0","Y",704,707,703,15.39,10.35,10.09,10.67,19.2,310,309,"Antigone canadensis tabida",193,580,88.94,105.65,226,"MSB",4600,13.27,704.666666666667,309.5,NA,NA,NA,NA,2.28047464940669,0.153188405797101,3.66275783168157,16.6310349884077,2.84798372825174,"chill",9.45649620173858,0.972701698547056,1.43579072532699
"105",107,2020,281751,"Antigone canadensis tabida",NA,"F","0","Y",664,663,661,14.55,8.96,10.78,10.03,22.3,305,296,NA,NA,NA,NA,NA,NA,"MSB",5500,9.83,662.666666666667,300.5,NA,NA,NA,NA,2.23873873873874,0.120484848484848,3.74036268949424,17.6517416766303,2.82129512534163,"chill",NA,1.315108963641,NA
"106",108,2020,281752,"Antigone canadensis tabida",NA,"M","0","N",675,673,677,17.55,11.59,10.63,11.8,22.3,275,278,"Antigone canadensis tabida",215,523,90.11,111.22,238,"MSB",5750,11.38,675,276.5,NA,NA,NA,NA,2.42805755395683,0.117391304347826,3.75966784468963,17.9152393550797,2.82930377283102,"chill",10.6586752347998,1.32510288065844,2.20726138727521
"107",110,2020,281754,"Antigone canadensis tabida",NA,"M","0","Y",668,673,671,16.16,11.47,10.55,10.75,21.4,287,288,"Antigone canadensis tabida",187,544,74.49,98.27,224,"MSB",5400,9.56,670.666666666667,287.5,NA,NA,NA,NA,2.3287037037037,0.124197530864198,3.73239375982297,17.5441064292772,2.82650672166423,"chill",11.3002232142857,1.26057768695975,1.91595480103806
"108",115,2020,281759,"Antigone canadensis tabida",NA,"F","0","Y",598,602,602,13.67,8.34,9.66,9.93,14.9,289,293,"Antigone canadensis tabida",175,513,73.33,92.11,222,"MSB",4500,9.1,600.666666666667,291,NA,NA,NA,NA,2.05005688282139,0.133481481481481,3.65321251377534,16.5096362444731,2.77863353192338,"chill",9.5872899926954,1.30958818725279,1.79542423309736
"109",7,2020,281760,"Antigone canadensis canadensis",NA,"F","0","Y",552,558,555,13.46,9.64,7.9,6.89,12.3,259,253,"Antigone canadensis canadensis",141,435,57.85,67.88,190,"MSB",2900,9.31,555,256,NA,NA,NA,NA,2.19367588932806,0.191379310344828,3.46239799789896,14.2604314714241,2.74429298312268,"chill",8.43490304709141,0.988556123691259,1.60919540229885
"110",8,2020,281761,"Antigone canadensis canadensis",NA,"F","0","Y",502,504,506,12.57,9.11,8.79,7.83,13.5,272,276,"Antigone canadensis canadensis",155,440,57.25,73.94,180,"MSB",3000,8.29,504,274,NA,NA,NA,NA,1.82608695652174,0.168,3.47712125471966,14.4224957030741,2.70243053644553,"sus",9.72222222222222,1.24007936507937,1.62706611570248
"111",12,2020,281763,"Antigone canadensis canadensis",NA,"F","0",NA,588,584,582,13.19,7.63,6.57,6.59,14,250,245,"Antigone canadensis canadensis",155,460,56.84,69.52,180,"MSB",3100,NA,584.666666666667,247.5,NA,NA,NA,NA,2.38639455782313,0.188602150537634,3.49136169383427,14.5809973582671,2.76690833431036,"chill",10.0462962962963,0.952213477843119,1.5382797731569
"112",13,2020,281764,"Antigone canadensis tabida",NA,"M","0","N",690,685,688,15.22,9.84,9.5,9.3,23.6,274,277,"Antigone canadensis tabida",200,535,67.09,88.23,235,"MSB",5400,9.33,687.666666666667,275.5,NA,NA,NA,NA,2.48255114320096,0.127345679012346,3.73239375982297,17.5441064292772,2.83737797325349,"chill",10.2670891806247,1.19902189137186,1.98095903572364
"113",14,2020,281765,"Antigone canadensis tabida",NA,"M","0","N",723,719,718,19.23,11.5,8.38,9.19,29.8,278,270,"Antigone canadensis tabida",200,540,85.13,110.28,245,"MSB",5500,10.54,720,274,NA,NA,NA,NA,2.66666666666667,0.130909090909091,3.74036268949424,17.6517416766303,2.85733249643127,"chill",9.62099125364431,1.11400462962963,1.98045267489712
"114",15,2020,281766,"Antigone canadensis tabida",NA,"M","0","N",681,686,684,16.46,10.15,11.29,10.78,20.9,298,297,"Antigone canadensis tabida",200,540,82.69,106.06,240,"MSB",5500,10.99,683.666666666667,297.5,NA,NA,NA,NA,2.30190796857464,0.12430303030303,3.74036268949424,17.6517416766303,2.8348444056487,"chill",10.0260416666667,1.23555811449672,1.98045267489712
"115",16,2020,281767,"Antigone canadensis tabida",NA,"M","0","Y",687,686,688,16.13,11.46,8.34,9.7,22.6,297,299,"Antigone canadensis tabida",175,520,83.67,101.51,245,"MSB",4900,8.4,687,298,NA,NA,NA,NA,2.29765886287625,0.140204081632653,3.69019608002851,16.9849925224181,2.83695673705955,"chill",8.57142857142857,1.09011396934968,1.90273668639053
"116",17,2020,281768,"Antigone canadensis tabida",NA,"M","0","N",746,742,748,15.6,11.38,12.52,11.53,25.8,289,292,"Antigone canadensis tabida",205,555,91.07,113.8,255,"MSB",6800,12.4,745.333333333333,290.5,NA,NA,NA,NA,2.55251141552511,0.109607843137255,3.83250891270624,18.9453647437182,2.87235054449472,"chill",10.9803921568627,1.28527814491121,2.31799366934502
"117",22,2020,281770,"Antigone canadensis canadensis",NA,"F","0",NA,620,622,618,13.81,9.16,7.99,8.12,10.7,279,286,"Antigone canadensis canadensis",NA,475,49.08,65.92,175,"MSB",3050,NA,620,282.5,NA,NA,NA,NA,2.16783216783217,0.20327868852459,3.48429983934679,14.5021796168576,2.79239168949825,"chill",10.4571428571429,0.833116545265349,1.41939058171745
"118",25,2020,281773,"Antigone canadensis tabida",NA,"M","0","N",721,723,724,15.81,10.64,11.06,11.19,28.5,294,291,"Antigone canadensis tabida",205,520,77.98,99.01,250,"MSB",6200,10.53,722.666666666667,292.5,NA,NA,NA,NA,2.48339060710195,0.116559139784946,3.79239168949825,18.3709055001423,2.85893802314669,"chill",10.416,1.24653633528955,2.40754437869822
"119",26,2020,281774,"Antigone canadensis tabida",NA,"F","0","N",638,633,630,14.1,9.71,11.79,10.42,16.2,267,279,"Antigone canadensis tabida",195,510,72.91,96.22,250,"MSB",5450,10.04,633.666666666667,273,NA,NA,NA,NA,2.27120669056153,0.116269113149847,3.73639650227664,17.598088635408,2.80186086214578,"chill",9.156,1.42516148509561,2.20011534025375
"120",31,2020,281776,"Antigone canadensis canadensis",NA,"M","0","N",660,655,654,14.72,8.53,7.59,7.84,13.6,280,290,"Antigone canadensis canadensis",170,500,54.27,69.47,195,"MSB",3550,11.37,656.333333333333,285,NA,NA,NA,NA,2.2632183908046,0.184882629107981,3.55022835305509,15.254903019003,2.81712446141846,"chill",9.80276134122288,0.865304035815681,1.491
"121",35,2020,281777,"Antigone canadensis canadensis",NA,"M","0","N",645,643,644,13.94,8.28,8.8,8.5,11.8,287,291,"Antigone canadensis canadensis",165,480,56.01,70.6,195,"MSB",3500,NA,644,289,NA,NA,NA,NA,2.21305841924399,0.184,3.54406804435028,15.1829448593783,2.80888586735981,"chill",9.6646942800789,0.886105860113422,1.59505208333333
"122",36,2020,281778,"Antigone canadensis canadensis",NA,"F","0","N",544,541,542,15.03,8.71,9.36,7.7,10.2,278,275,"Antigone canadensis canadensis",155,425,52.12,66.66,175,"MSB",3050,9.94,542.333333333333,276.5,NA,NA,NA,NA,1.97212121212121,0.177814207650273,3.48429983934679,14.5021796168576,2.7342662982172,"chill",10.4571428571429,1.08882113414193,1.77301038062284
"123",1,2020,281779,"Antigone canadensis tabida",NA,"F","0",NA,722,725,723,15.72,9.12,11.22,10.11,26,285,284,"Antigone canadensis tabida",195,540,94.42,112.38,238,"MSB",5700,9.67,723.333333333333,284.5,NA,NA,NA,NA,2.54694835680751,0.126900584795322,3.75587485567249,17.8631598770806,2.85933847912887,"chill",10.5659911023233,1.14389772558347,2.05246913580247
"124",3,2020,281781,"Antigone canadensis tabida",NA,"M","0","Y",679,682,683,17.58,10.92,11.61,12.29,20.6,252,255,"Antigone canadensis tabida",NA,528,82.01,95.17,239,"MSB",5750,12.48,681.333333333333,253.5,NA,NA,NA,NA,2.6718954248366,0.118492753623188,3.75966784468963,17.9152393550797,2.83335963674301,"chill",10.569667897971,1.30058239283704,2.16565513085399
"125",5,2020,281783,"Antigone canadensis tabida",NA,"M","0","N",741,746,744,15.26,10.53,11.8,10.69,20.8,285,282,"Antigone canadensis tabida",207,544,99.05,108.01,258,"MSB",6500,10.57,743.666666666667,283.5,NA,NA,NA,NA,2.6371158392435,0.114410256410256,3.81291335664286,18.6625557840862,2.87137831556418,"chill",10.2532900667027,1.23408770229847,2.30624189013841
"126",6,2020,281784,"Antigone canadensis tabida",NA,"M","0","N",733,739,737,15.4,10.18,10.98,10.03,22.7,295,296,"Antigone canadensis tabida",196,535,82.54,99.36,242,"MSB",5850,10.5,736.333333333333,295.5,NA,NA,NA,NA,2.48761261261261,0.125868945868946,3.76715586608218,18.0184994991457,2.86707446115177,"chill",10.4885253739499,1.13291217192271,2.14603895536728
"127",10,2020,281785,"Antigone canadensis tabida",NA,"M","0","Y",667,669,673,16,10.7,9.96,11.63,22,292,286,"Antigone canadensis tabida",175,512,86.66,99.96,238,"MSB",5300,10.1,669.666666666667,289,NA,NA,NA,NA,2.34149184149184,0.126352201257862,3.72427586960079,17.4351340126513,2.82585868202859,"chill",9.82451804251112,1.24093148774764,2.12287902832031
"128",12,2020,281787,"Antigone canadensis tabida",NA,"F","0","Y",561,560,653,12.93,9.92,11.3,8.83,14.4,262,262,"Antigone canadensis tabida",186,501,75.47,89.79,238,"MSB",4650,9.63,591.333333333333,262,NA,NA,NA,NA,2.25699745547074,0.127168458781362,3.66745295288995,16.6910753466409,2.77183236077605,"chill",8.61962432031636,1.39629611741184,1.94521137365987
"129",24,2020,281788,"Antigone canadensis canadensis",NA,"M","0","N",702,700,701,14.49,9.97,9.43,9.1,15,306,301,"Antigone canadensis canadensis",168,468,64.04,78.36,200,"MSB",3350,NA,701,303.5,NA,NA,NA,NA,2.32890365448505,0.209253731343284,3.52504480703685,14.9628711352849,2.84571801796666,"chill",8.79375,0.715810509136123,1.60598838483454
"130",25,2020,281789,"Antigone canadensis tabida",NA,"M","0","N",592,591,594,16.59,11.03,10.86,9.93,18.8,281,279,"Antigone canadensis tabida",180,499,83.82,97.35,235,"MSB",4800,11.19,592.333333333333,280,NA,NA,NA,NA,2.12305854241338,0.123402777777778,3.68124123737559,16.868653306035,2.77256617308564,"sus",9.12630149388864,1.43647539101677,2.02408825667367
"131",26,2020,281790,"Antigone canadensis tabida",NA,"F","0","N",615,612,614,15.89,9.84,10.34,8.82,19.4,272,280,"Antigone canadensis tabida",180,510,88.06,102.81,221,"MSB",4600,9.81,613.666666666667,276,NA,NA,NA,NA,2.19166666666667,0.133405797101449,3.66275783168157,16.6310349884077,2.78793253378435,"chill",9.88923240719887,1.28257291148182,1.85697808535179
"132",74,2020,281792,"Antigone canadensis tabida",NA,"M","0","N",702,706,703,14.33,10.18,10.02,9.91,19.3,267,269,"Antigone canadensis tabida",197,499,86.69,104.36,221,"MSB",4800,9.89,703.666666666667,268,NA,NA,NA,NA,2.61586121437423,0.146597222222222,3.68124123737559,16.868653306035,2.84736697858799,"chill",10.3191990335988,1.01787999562868,2.02408825667367
"133",79,2020,281795,"Antigone canadensis tabida",NA,"F","0",NA,576,575,577,13.78,8.92,10.47,7.96,14.8,282,277,"Antigone canadensis tabida",187,506,70.63,83.07,209,"MSB",4750,10.46,576,279.5,NA,NA,NA,NA,2.07942238267148,0.121263157894737,3.67669360962487,16.8098770339948,2.76042248342321,"chill",11.4180078294911,1.50327329282407,1.94796825446422
"134",82,2020,281796,"Antigone canadensis tabida",NA,"M","0","Y",708,710,713,17.26,10.18,11.86,10.26,19.4,315,312,"Antigone canadensis tabida",NA,518,83.15,99.59,239,"MSB",5250,10.14,710.333333333333,313.5,NA,NA,NA,NA,2.2767094017094,0.135301587301587,3.72015930340596,17.3801332244322,2.85146219499454,"chill",9.65056634162567,1.09250696022449,2.05441928414901
"135",83,2020,281797,"Antigone canadensis tabida",NA,"M","0","Y",690,684,691,13.5,11.35,10.65,10.34,18,296,295,"Antigone canadensis tabida",182,500,84.95,104.59,245,"MSB",4900,10.62,688.333333333333,295.5,NA,NA,NA,NA,2.33333333333333,0.14047619047619,3.69019608002851,16.9849925224181,2.83779880127276,"chill",8.57142857142857,1.08589485779948,2.058
"136",85,2020,281798,"Antigone canadensis tabida",NA,"F","0","Y",585,590,587,14.73,9.6,11.43,9.21,16.3,284,287,"Antigone canadensis tabida",180,464,76.52,92.6,222,"MSB",4350,11.41,587.333333333333,285.5,NA,NA,NA,NA,2.04645760743322,0.135019157088123,3.63848925695464,16.3241190102949,2.76888464935637,"chill",9.26771365960555,1.32406485252415,2.12149784482759
"137",87,2020,281800,"Antigone canadensis tabida",NA,"UNKOWN","0","N",645,642,641,17.83,10.9,11.53,11.22,20.1,300,303,"Antigone canadensis tabida",189,518,80.42,98.27,248,"MSB",5450,10.65,642.666666666667,301.5,NA,NA,NA,NA,2.12101210121012,0.117920489296636,3.73639650227664,17.598088635408,2.80798577484715,"chill",9.30427289281998,1.38552463370121,2.13268287592612
"138",88,2020,281801,"Antigone canadensis tabida",NA,"M","0","N",735,737,733,15.26,11.01,10.15,9.98,21.8,306,311,"Antigone canadensis tabida",206,561,91.61,108.72,250,"MSB",5600,11.63,735,308.5,NA,NA,NA,NA,2.36334405144695,0.13125,3.7481880270062,17.758080034852,2.8662873390842,"chill",9.408,1.08843537414966,1.86832146567913
"139",90,2020,281803,"Antigone canadensis tabida",NA,"F","0","N",634,631,635,14.01,9.13,8.91,9.29,11.9,NA,276,"Antigone canadensis tabida",192,498,78.96,98.08,225,"MSB",4950,9.97,633.333333333333,NA,NA,NA,NA,NA,2.29468599033816,0.127946127946128,3.69460519893357,17.0425692085873,2.80163234623317,"chill",10.2666666666667,1.2957756232687,2.09573232689795
"140",91,2020,281804,"Antigone canadensis tabida",NA,"UNKOWN","0","N",657,660,656,14.59,9.19,10.93,9.8,17.3,309,301,"Antigone canadensis tabida",196,533,78.92,95.4,221,"MSB",5050,10.56,657.666666666667,305,NA,NA,NA,NA,2.18493909191584,0.13023102310231,3.70329137811866,17.1565697162171,2.81800583053253,"chill",10.8566573165988,1.22593943734588,1.86649254282989
"141",92,2020,281805,"Antigone canadensis tabida",NA,"M","0","Y",669,667,665,14.35,10.43,10.95,9.49,18.2,293,290,"Antigone canadensis tabida",178,512,78.54,95.57,249,"MSB",5050,13.15,667,291.5,NA,NA,NA,NA,2.3,0.132079207920792,3.70329137811866,17.1565697162171,2.82412583391655,"chill",8.55228141481589,1.19187033170072,2.02274322509766
"142",93,2020,281806,"Antigone canadensis tabida",NA,"F","0","N",631,634,633,14.33,11.9,12.53,8.84,18.1,281,274,"Antigone canadensis tabida",192,510,74.51,90.02,221,"MSB",5000,12.19,632.666666666667,277.5,NA,NA,NA,NA,2.30900243309002,0.126533333333333,3.69897000433602,17.099759466767,2.80117495337161,"chill",10.7491656599988,1.31162412655549,2.01845444059977
"143",95,2020,281807,"Antigone canadensis tabida",NA,"F","0","Y",619,632,629,12.76,10.61,9.23,8.81,NA,272,284,"Antigone canadensis tabida",172,495,74.54,84.43,224,"MSB",5250,11.19,626.666666666667,278,NA,NA,NA,NA,2.20657276995305,0.119365079365079,3.72015930340596,17.3801332244322,2.79703659454402,"chill",10.986328125,1.40370359891354,2.24977043158861
"144",97,2020,281809,"Antigone canadensis tabida",NA,"F","0","N",642,644,643,11.42,11.75,9.45,9.88,16.6,289,281,"Antigone canadensis tabida",198,509,74.55,95.96,225,"MSB",NA,10.7,643,285,NA,NA,NA,NA,2.28825622775801,NA,NA,NA,2.80821097292422,NA,NA,NA,NA
"145",102,2020,281811,"Antigone canadensis tabida",NA,"M","0",NA,526,529,523,13.4,8.62,7.9,9.33,10.4,285,280,"Antigone canadensis tabida",158,456,52.79,67.91,170,"MSB",3100,NA,526,282.5,NA,NA,NA,NA,1.87857142857143,0.169677419354839,3.49136169383427,14.5809973582671,2.72098574415374,"sus",11.2629757785467,1.17646633607541,1.56538550323176
"146",103,2020,281812,"Antigone canadensis canadensis",NA,"F","0",NA,524,532,525,11.74,8.12,8.69,6.67,NA,271,271,"Antigone canadensis canadensis",172,467,65.02,65.02,164,"MSB",2900,8.86,527,271,NA,NA,NA,NA,1.94464944649447,0.181724137931034,3.46239799789896,14.2604314714241,2.72181061521255,NA,11.3213860797145,1.09639252652766,1.39621897482221
"147",1,2020,281813,"Antigone canadensis tabida",NA,"M","0","N",655,659,659,15.64,9.99,12.12,10.34,19.9,283,292,"Antigone canadensis tabida",188,515,83.15,111.68,250,"MSB",6050,11.3,657.666666666667,287.5,NA,NA,NA,NA,2.25228310502283,0.10870523415978,3.78175537465247,18.2215419359579,2.81800583053253,"chill",10.164,1.46869972196883,2.39513620510887
"148",2,2020,281814,"Antigone canadensis tabida",NA,"F","0","N",616,613,612,16.35,10.76,11.66,11.6,NA,NA,284,"Antigone canadensis tabida",194,510,66.6,87.72,235,"MSB",4900,11.53,613.666666666667,NA,NA,NA,NA,NA,2.16079812206573,0.125238095238095,3.69019608002851,16.9849925224181,2.78793253378435,"chill",9.31643277501132,1.36621897092628,1.97808535178777
"149",3,2020,281815,"Antigone canadensis tabida",NA,"F","0","Y",566,569,568,15.42,9.7,9.24,10.09,NA,276,276,"Antigone canadensis tabida",180,511,69.68,89.9,228,"MSB",4650,11.19,567.666666666667,276,NA,NA,NA,NA,2.05676328502415,0.122078853046595,3.66745295288995,16.6910753466409,2.75409339324294,"chill",9.39231301939058,1.51514942543796,1.86982280245557
"150",6,2020,281818,"Antigone canadensis tabida",NA,"M","0","N",618,619,606,16.2,10.53,9.93,8.72,NA,NA,263,"Antigone canadensis tabida",170,495,70.91,95.35,232,"MSB",4900,9.37,614.333333333333,NA,NA,NA,NA,NA,2.33586818757921,0.125374149659864,3.69019608002851,16.9849925224181,2.78840408049941,"sus",9.55893281807372,1.36325537316337,2.09978573614937
"151",8,2020,281820,"Antigone canadensis tabida",NA,"F","0","N",607,602,609,15.13,11.53,11.32,11.52,17.7,272,290,"Antigone canadensis tabida",200,517,75.65,95.1,230,"MSB",5150,13.36,606,281,NA,NA,NA,NA,2.08965517241379,0.117669902912621,3.71180722904119,17.2690750273492,2.78247262416629,"chill",10.2221172022684,1.47248635754665,2.02309111111942
"152",9,2020,281821,"Antigone canadensis tabida",NA,"M","0","N",714,715,713,18.95,8.17,9.97,9.94,NA,NA,294,"Antigone canadensis tabida",175,490,62.79,79,193,"MSB",3950,9.62,714,NA,NA,NA,NA,NA,2.42857142857143,0.180759493670886,3.59659709562646,15.8075912888041,2.85369821177617,"sus",11.1345271013987,0.813560718405009,1.72740524781341
"153",14,2020,281824,"Antigone canadensis canadensis",NA,"F","0","N",540,538,539,12.99,8.25,8.69,7.96,11.6,255,256,"Antigone canadensis canadensis",174,470,58.78,72.85,183,"MSB",3300,NA,539,255.5,NA,NA,NA,NA,2.10546875,0.163333333333333,3.51851393987789,14.8880555295383,2.73158876518674,"chill",10.3466809997313,1.19268486615425,1.56858306926211
"154",55,2020,281825,"Antigone canadensis tabida",NA,"F","0","N",701,707,708,13.96,11.17,9.71,10.03,21.9,275,273,"Antigone canadensis tabida",206,520,83.19,101.84,224,"MSB",5350,9.24,705.333333333333,274,NA,NA,NA,NA,2.58363858363858,0.13183800623053,3.72835378202123,17.4897899626765,2.84839440864349,"chill",11.1955915178571,1.12915682476835,2.07747781065089
"155",63,2020,281830,"Antigone canadensis tabida",NA,"F","0","Y",655,654,652,14.8,9.45,9.7,9.61,19.8,279,285,"Antigone canadensis tabida",194,499,74.68,99.05,214,"MSB",4900,10.67,653.666666666667,282,NA,NA,NA,NA,2.29356725146199,0.133401360544218,3.69019608002851,16.9849925224181,2.81535633894812,"chill",11.2346056424142,1.20412812724206,2.06625676202104
"156",64,2020,281831,"Antigone canadensis tabida",NA,"M","0","N",852,851,850,18.61,10.29,11.76,10.11,36.3,299,305,"Antigone canadensis tabida",214,549,92.38,117.39,238,"MSB",6350,11.14,851,302,NA,NA,NA,NA,2.79016393442623,0.134015748031496,3.80277372529198,18.5178789902601,2.92992956008459,"chill",11.770884824518,0.920669814043339,2.21216916997621
"157",65,2020,281832,"Antigone canadensis tabida",NA,"M","0","N",753,750,749,17.1,9.53,11.93,9.76,26.8,281,273,"Antigone canadensis tabida",222,549,88.15,117.99,234,"MSB",5950,11.66,750.666666666667,277,NA,NA,NA,NA,2.74969474969475,0.126162464985994,3.77451696572855,18.1205894936276,2.87544713145965,"chill",11.4097085250931,1.10869477772274,2.07281993092259
"158",66,2020,281833,"Antigone canadensis tabida",NA,"M","0","N",764,761,762,17.43,10.2,9.39,9.54,29.7,NA,NA,"Antigone canadensis tabida",213,544,96.18,114.19,228,"MSB",5700,10.3,762.333333333333,NA,NA,NA,NA,NA,NA,0.13374269005848,3.75587485567249,17.8631598770806,2.88214490988709,"chill",11.5131578947368,1.029850857559,2.02239673442907
"159",67,2020,281834,"Antigone canadensis tabida",NA,"M","0","N",735,734,737,16.03,10.1,12.01,11.36,19.9,289,284,"Antigone canadensis tabida",211,528,93.19,118.25,218,"MSB",5400,11.73,735.333333333333,286.5,NA,NA,NA,NA,2.58920187793427,0.136172839506173,3.73239375982297,17.5441064292772,2.86648425338451,"chill",11.9308139045535,1.04861134514047,2.0338326446281
"160",68,2020,281835,"Antigone canadensis tabida",NA,"M","0","N",687,706,698,14.14,8.52,13.63,9.84,NA,288,288,"Antigone canadensis tabida",184,527,87,102.2,218,"MSB",5100,11.44,697,288,NA,NA,NA,NA,2.42013888888889,0.136666666666667,3.70757017609794,17.2130062072632,2.84323277809801,"chill",11.2679909098561,1.10228505441439,1.92813858113485
"161",69,2020,281836,"Antigone canadensis tabida",NA,"F","0","N",708,703,705,15.73,9.16,9.61,9.69,21.3,297,307,"Antigone canadensis tabida",198,500,81.41,98.25,220,"MSB",5050,10.01,705.333333333333,302,NA,NA,NA,NA,2.29750271444083,0.1396699669967,3.70329137811866,17.1565697162171,2.84839440864349,"chill",10.9555785123967,1.06583961964115,2.121
"162",70,2020,281837,"Antigone canadensis tabida",NA,"M","0","N",710,708,710,16.85,9.66,10.44,10.15,18.7,278,277,"Antigone canadensis tabida",187,514,80.25,99.15,232,"MSB",5150,8.93,709.333333333333,277.5,NA,NA,NA,NA,2.56077015643803,0.137734627831715,3.71180722904119,17.2690750273492,2.85085036890335,"chill",10.0466334720571,1.07472113672339,2.04677587851444
"163",21,2020,281838,"Antigone canadensis tabida",NA,"M","0",NA,756,751,757,15.06,10.63,10.87,9.96,22.2,299,298,"Antigone canadensis tabida",193,501,79.05,94.65,225,"MSB",5450,8.04,754.666666666667,298.5,NA,NA,NA,NA,2.5324384787472,0.138470948012232,3.73639650227664,17.598088635408,2.87775516779657,"chill",11.3037037037037,1.00479037383411,2.27987139493468
"164",72,2020,281839,"Antigone canadensis tabida",NA,"M","0","N",766,760,763,17.75,10.53,10.3,10.56,24,279,285,"Antigone canadensis tabida",209,538,88.68,108.85,244,"MSB",5900,10.91,763,282,NA,NA,NA,NA,2.67719298245614,0.129322033898305,3.77085201164214,18.0696886932119,2.88252453795488,"chill",10.405468959957,1.06412399148701,2.14031038819253
"165",73,2020,281840,"Antigone canadensis tabida",NA,"M","0","N",706,701,708,18.16,11.85,9.77,10.5,20.7,287,294,"Antigone canadensis tabida",214,535,84.18,105.19,232,"MSB",5850,10.43,705,290.5,NA,NA,NA,NA,2.39795918367347,0.120512820512821,3.76715586608218,18.0184994991457,2.8481891169914,"chill",11.4121953032105,1.23585332729742,2.14603895536728
"166",75,2020,281842,"Antigone canadensis tabida",NA,"F","0",NA,740,738,736,12.07,9.78,10.3,8.96,19.5,293,305,"Antigone canadensis tabida",190,520,85.15,102.95,234,"MSB",5300,11.93,738,299,NA,NA,NA,NA,2.41967213114754,0.139245283018868,3.72427586960079,17.4351340126513,2.86805636182304,"chill",10.1632697786544,1.02176834776478,2.05806213017751
"167",76,2020,281843,"Antigone canadensis tabida",NA,"M","0","N",667,664,669,15.93,10.26,12.46,11.36,22,277,285,"Antigone canadensis tabida",206,518,88.38,108.65,228,"MSB",5350,12.53,666.666666666667,281,NA,NA,NA,NA,2.33918128654971,0.124610591900312,3.72835378202123,17.4897899626765,2.82390874094432,"chill",10.8062096029548,1.2639375,2.09355108003757
"168",7,2020,281844,"Antigone canadensis tabida",NA,"M","0",NA,734,728,732,17.63,10.51,11.69,11.15,27.5,NA,307,"Antigone canadensis tabida",210,525,89.8,107.52,220,"MSB",5400,9.67,731.333333333333,NA,NA,NA,NA,NA,2.38219326818675,0.135432098765432,3.73239375982297,17.5441064292772,2.86411536851903,"chill",11.7148760330579,1.0601133945317,2.05714285714286
"169",78,2020,281845,"Antigone canadensis canadensis",NA,"M","0","N",643,647,643,12.37,7.43,9.4,8.5,8.7,293,286,"Antigone canadensis canadensis",178,468,72.62,81.2,178,"MSB",3050,8.47,644.333333333333,289.5,NA,NA,NA,NA,2.25291375291375,0.211256830601093,3.48429983934679,14.5021796168576,2.80911059930889,"chill",10.1076252998359,0.77137922793296,1.46216852947622
"170",80,2020,281847,"Antigone canadensis tabida",NA,"F","0","N",648,645,650,16.31,10.37,9.9,8.94,19.8,281,279,"Antigone canadensis tabida",209,515,81.62,97,220,"MSB",4350,9.87,647.666666666667,280,NA,NA,NA,NA,2.32138590203106,0.148888888888889,3.63848925695464,16.3241190102949,2.81135154588012,"chill",9.43698347107438,1.08886857529133,1.72212272598737
"171",83,2020,281848,"Antigone canadensis canadensis",NA,"M","0","N",646,647,641,12.57,9.26,10.49,9.19,14.5,274,273,"Antigone canadensis canadensis",171,458,69.5,81.62,164,"MSB",3300,9.43,644.666666666667,273.5,NA,NA,NA,NA,2.36141636141636,0.195353535353535,3.51851393987789,14.8880555295383,2.80933521502732,"chill",12.8829565734682,0.833744167667463,1.65185637192273
"172",174,2021,281849,"Antigone canadensis canadensis",NA,"F","0","N",531,537,534,12.57,9.06,9.31,8.49,12,279,275,NA,NA,NA,NA,NA,NA,"MSB",2950,9.28,534,277,NA,NA,NA,NA,1.94181818181818,0.181016949152542,3.46982201597816,14.3419214201712,2.72754125702856,"chill",NA,1.08624752766907,NA
"173",184,2021,281850,"Antigone canadensis canadensis",NA,"F","0","N",610,613,613,11.83,9.2,9.84,8.76,14.3,294,294,NA,NA,NA,NA,NA,NA,"MSB",3450,9.63,612,294,NA,NA,NA,NA,2.08163265306122,0.177391304347826,3.53781909507327,15.1102980787737,2.78675142214556,"chill",NA,0.967176086120723,NA
"174",185,2021,281851,"Antigone canadensis canadensis",NA,"F","0","N",546,544,540,13.05,8.75,9.7,8.3,9.2,287,295,NA,NA,NA,NA,NA,NA,"MSB",3350,9.69,543.333333333333,291,NA,NA,NA,NA,1.84180790960452,0.162189054726368,3.52504480703685,14.9628711352849,2.7350663496843,"chill",NA,1.19152019270579,NA
"175",193,2021,281853,"Antigone canadensis canadensis",NA,"M","0","N",591,597,584,13.84,8.85,10.96,10.44,10.5,284,284,NA,NA,NA,NA,NA,NA,"MSB",3500,13.6,590.666666666667,284,NA,NA,NA,NA,2.07981220657277,0.168761904761905,3.54406804435028,15.1829448593783,2.77134246283137,"chill",NA,1.05334931642964,NA
"176",201,2021,281856,"Antigone canadensis canadensis",NA,"F","0","N",570,575,578,12.81,8.14,9.7,8.06,10.1,294,284,NA,NA,NA,NA,NA,NA,"MSB",3400,9.43,574.333333333333,289,NA,NA,NA,NA,2.02230046948357,0.168921568627451,3.53147891704225,15.0369459620497,2.75916402272837,"chill",NA,1.08228133992695,NA
"177",218,2021,281857,"Antigone canadensis canadensis",NA,"M","0","N",702,697,699,14.48,10.1,11.04,9.35,15.1,289,291,NA,NA,NA,NA,NA,NA,"MSB",3550,10.2,699.333333333333,290,NA,NA,NA,NA,2.40320733104238,0.196995305164319,3.55022835305509,15.254903019003,2.84468422913788,"chill",NA,0.762165337908635,NA
"178",235,2021,281859,"Antigone canadensis canadensis","N","M","0","N",691,689,686,13.51,10.18,9.73,8.32,16.4,312,309,NA,NA,NA,NA,NA,NA,"MSB",3500,9.38,688.666666666667,310.5,NA,NA,NA,NA,2.22869471413161,0.196761904761905,3.54406804435028,15.1829448593783,2.83800906246394,"chill",NA,0.774888505082519,NA
"179",236,2021,281860,"Antigone canadensis canadensis","N","M","0","N",680,676,680,14.83,9.87,10.59,9.5,15,310,303,NA,NA,NA,NA,NA,NA,"MSB",3950,11,678.666666666667,306.5,NA,NA,NA,NA,2.23982398239824,0.171814345991561,3.59659709562646,15.8075912888041,2.83165651894506,"chill",NA,0.900478518301226,NA
"180",237,2021,281861,"Antigone canadensis canadensis","N","F","0","N",566,563,564,12.63,9.41,10.41,8.33,10.2,275,273,NA,NA,NA,NA,NA,NA,"MSB",3450,9.27,564.333333333333,274,NA,NA,NA,NA,2.06715506715507,0.163574879227053,3.53781909507327,15.1102980787737,2.75153570338927,"chill",NA,1.13746223723061,NA
"181",255,2021,281862,"Antigone canadensis canadensis",NA,"M","0","Y",546,544,547,14.96,8.75,10.4,8.39,10.5,315,306,NA,NA,NA,NA,NA,NA,"MSB",2950,9.68,545.666666666667,310.5,NA,NA,NA,NA,1.78322440087146,0.184971751412429,3.46982201597816,14.3419214201712,2.73692742469228,"sus",NA,1.04029489108949,NA
"182",257,2021,281863,"Antigone canadensis canadensis",NA,"F","0","N",586,593,593,13.56,8.69,9.58,9.03,10.9,309,312,NA,NA,NA,NA,NA,NA,"MSB",3200,9.54,590.666666666667,310.5,NA,NA,NA,NA,1.89316239316239,0.184583333333333,3.50514997831991,14.7361259945615,2.77134246283137,"chill",NA,0.96306223216424,NA
"183",261,2021,281864,"Antigone canadensis canadensis","N","M","0","N",702,701,701,13.8,10.59,10.57,10.14,13.4,280,282,NA,NA,NA,NA,NA,NA,"MSB",3600,10.67,701.333333333333,281,NA,NA,NA,NA,2.48699763593381,0.194814814814815,3.55630250076729,15.3261886478711,2.84592448076204,"chill",NA,0.768498171146033,NA
"184",267,2021,281865,"Antigone canadensis canadensis",NA,"F","0","N",497,498,499,12.77,9.36,9.06,7.18,10.2,292,288,NA,NA,NA,NA,NA,NA,"MSB",2750,9.61,498,290,NA,NA,NA,NA,1.72916666666667,0.181090909090909,3.43933269383026,14.0101966532769,2.69722934275972,"chill",NA,1.16429573716553,NA
"185",269,2021,281866,"Antigone canadensis canadensis",NA,"F","0","N",549,560,556,12.51,8.39,9.06,8.17,11,291,303,NA,NA,NA,NA,NA,NA,"MSB",2950,8.51,555,297,NA,NA,NA,NA,1.83168316831683,0.188135593220339,3.46982201597816,14.3419214201712,2.74429298312268,"chill",NA,1.00560019478938,NA
"186",NA,2017,282667,"Antigone canadensis canadensis",NA,"M","0","Y",648,572,567,13.74,9.3,9.06,7.67,9.9,298,304,NA,NA,NA,NA,NA,NA,"MSB",2350,9.94,595.666666666667,301,NA,NA,NA,NA,1.9594298245614,0.253475177304965,3.37106786227174,13.2950289523459,2.77500329778598,"sus",NA,0.695425426876756,NA
"187",21,2022,283501,"Antigone canadensis canadensis",NA,"F","0","N",551,560,556,11.63,8.97,9.3,8.63,11,282,278,NA,NA,NA,NA,NA,NA,"MSB",3000,9.34,555.666666666667,280,NA,NA,NA,NA,1.99880095923261,0.185222222222222,3.47712125471966,14.4224957030741,2.74481434510834,"chill",NA,1.02019188243935,NA
"188",80,2022,283502,"Antigone canadensis canadensis","N","M","0","Y",501,487,495,12.17,9.18,10.78,10.05,10.7,262,259,NA,NA,NA,NA,NA,NA,"MSB",3050,10.22,494.333333333333,260.5,NA,NA,NA,NA,1.90862290862291,0.16207650273224,3.48429983934679,14.5021796168576,2.69401989630872,"sus",NA,1.31053717815167,NA
"189",31,2022,283503,"Antigone canadensis canadensis","Y","M","0","N",680,676,678,16.81,10.12,10.28,10.42,16.1,303,298,NA,NA,NA,NA,NA,NA,"MSB",4600,11.9,678,300.5,NA,NA,NA,NA,2.2751677852349,0.147391304347826,3.66275783168157,16.6310349884077,2.83122969386706,"sus",NA,1.05072180019318,NA
"190",59,2022,283508,"Antigone canadensis canadensis",NA,"F","0","N",573,574,568,13.38,8.91,9.89,8.43,9.9,269,272,NA,NA,NA,NA,NA,NA,"MSB",3400,9.1,571.666666666667,270.5,NA,NA,NA,NA,2.10171568627451,0.168137254901961,3.53147891704225,15.0369459620497,2.75714286965913,"chill",NA,1.09240197536741,NA
"191",62,2022,283510,"Antigone canadensis canadensis",NA,"M","0","N",643,641,644,15.24,9.56,8.48,8.22,12.9,290,292,NA,NA,NA,NA,NA,NA,"MSB",3450,9.29,642.666666666667,291,NA,NA,NA,NA,2.20091324200913,0.186280193236715,3.53781909507327,15.1102980787737,2.80798577484715,"chill",NA,0.877075226838381,NA
"192",63,2022,283511,"Antigone canadensis canadensis",NA,"F","0","N",562,563,561,12.02,9.87,9.56,8.81,13.5,273,285,NA,NA,NA,NA,NA,NA,"MSB",3400,10.47,562,279,NA,NA,NA,NA,1.9719298245614,0.165294117647059,3.53147891704225,15.0369459620497,2.74973631556906,"chill",NA,1.13030483403199,NA
"193",5,2022,283516,"Antigone canadensis tabida",NA,"F","0","N",542,542,533,14.2,9.3,10.2,9.7,10.2,264,259,NA,NA,NA,NA,NA,NA,"MSB",4100,10.4,539,261.5,NA,NA,NA,NA,2.08108108108108,0.131463414634146,3.61278385671974,16.0052066388315,2.73158876518674,"chill",NA,1.48182059128256,NA
"194",89,2022,283523,"Antigone canadensis canadensis",NA,"F","0","Y",523,525,514,11.9,8.7,9.5,8.1,8.3,283,290,NA,NA,NA,NA,NA,NA,"MSB",3200,9.4,520.666666666667,286.5,NA,NA,NA,NA,1.79540229885057,0.162708333333333,3.50514997831991,14.7361259945615,2.71655977482162,"sus",NA,1.23942350412567,NA
"195",96,2022,283524,"Antigone canadensis canadensis",NA,"F","0","N",570,575,578,11.8,8.8,9.6,8.5,11.8,281,286,NA,NA,NA,NA,NA,NA,"MSB",3150,10.4,574.333333333333,283.5,NA,NA,NA,NA,2.00815850815851,0.182328042328042,3.4983105537896,14.6589720887824,2.75916402272837,"chill",NA,1.00270182963821,NA
"196",97,2022,283525,"Antigone canadensis canadensis",NA,"F","0","N",558,555,556,10.9,7.4,8.6,9,NA,281,286,NA,NA,NA,NA,NA,NA,"MSB",2950,9.3,556.333333333333,283.5,NA,NA,NA,NA,1.94522144522145,0.188587570621469,3.46982201597816,14.3419214201712,2.74533508195958,"chill",NA,1.00078583811304,NA
"197",107,2022,283527,"Antigone canadensis canadensis",NA,"M","0","N",710,715,706,15.4,10.1,10.4,8.8,17.4,294,297,NA,NA,NA,NA,NA,NA,"MSB",3550,10.8,710.333333333333,295.5,NA,NA,NA,NA,2.39169472502806,0.200093896713615,3.55022835305509,15.254903019003,2.85146219499454,"chill",NA,0.738742801675607,NA
"198",NA,2022,283530,"Antigone canadensis canadensis",NA,"F","0","N",508,515,509,12.9,9.3,9.1,7.9,7.8,290,298,NA,NA,NA,NA,NA,NA,"MSB",2775,8.2,510.666666666667,294,NA,NA,NA,NA,1.71364653243848,0.184024024024024,3.4432629874587,14.0525237885524,2.70813751057692,"chill",NA,1.11731920934767,NA
"199",73,2022,283544,"Antigone canadensis canadensis",NA,"M","1","N",671,678,675,12.92,9.87,11.66,9.18,15,315,318,"Antigone canadensis canadensis",180,475,59.75,72,195,"MSB",3700,10.92,674.666666666667,316.5,NA,NA,NA,NA,2.12159329140461,0.182342342342342,3.568201724067,15.4668037377204,2.8290892534481,"chill",10.2169625246548,0.853517669390242,1.7218836565097
"200",72,2022,283543,"Antigone canadensis canadensis",NA,"F","0","N",601,596,603,11.64,9.34,9.95,7.6,13.3,302,304,"Antigone canadensis canadensis",165,472,57.99,74.38,NA,"MSB",3300,9.06,600,303,NA,NA,NA,NA,1.97368421052632,0.181818181818182,3.51851393987789,14.8880555295383,2.77815125038364,"chill",NA,0.9625,1.55531815570238
"201",25,2022,283537,"Antigone canadensis canadensis",NA,"M","0","N",666,664,659,14.67,9.48,9.74,9.6,14.5,303,304,"Antigone canadensis canadensis",180,495,58.12,65.14,180,"MSB",3900,8.8,663,303.5,NA,NA,NA,NA,2.18092105263158,0.17,3.5910646070265,15.7406091663144,2.82151352840477,"chill",12.6388888888889,0.931594357199893,1.6712580348944
"202",5,2022,283531,"Antigone canadensis canadensis",NA,"M","0","N",685,689,677,13.96,10.02,11.86,9.08,15.9,301,305,"Antigone canadensis canadensis",185,440,67.41,80,190,"MSB",3800,10.66,683.666666666667,303,NA,NA,NA,NA,2.24153005464481,0.179912280701754,3.57978359661681,15.6049075070788,2.8348444056487,"chill",11.0526315789474,0.853658333652277,2.06095041322314
"203",28,2022,283539,"Antigone canadensis canadensis",NA,"M","0","Y",582,589,581,13.74,9.95,9.73,8.65,9.5,309,314,"Antigone canadensis canadensis",150,460,60.61,75.2,160,"MSB",3300,9.59,584,311.5,NA,NA,NA,NA,1.85987261146497,0.176969696969697,3.51851393987789,14.8880555295383,2.7664128471124,"chill",13.53515625,1.01596218802777,1.6375236294896
"204",15,2022,283534,"Antigone canadensis canadensis",NA,"M","0","N",645,644,664,15.23,10.37,10.74,8.9,12.7,313,317,"Antigone canadensis canadensis",153,485,68.24,82.65,198,"MSB",3800,9.7,651,315,NA,NA,NA,NA,2.05362776025237,0.171315789473684,3.57978359661681,15.6049075070788,2.81358098856819,"chill",10.1775329048056,0.94147960953372,1.69624827293017
"205",29,2022,283541,"Antigone canadensis canadensis",NA,"F","0","N",552,558,555,14.4,9.11,9.97,8.16,11.4,276,273,"Antigone canadensis canadensis",150,460,58.48,71.29,180,"MSB",3030,9.21,555,274.5,NA,NA,NA,NA,2.03296703296703,0.183168316831683,3.4814426285023,14.4704113231843,2.74429298312268,"chill",9.81944444444444,1.03287070854638,1.50354442344045
"206",27,2022,283540,"Antigone canadensis canadensis",NA,"F","0","N",514,524,518,11.82,8.63,9.67,9.11,9.7,276,270,"Antigone canadensis canadensis",150,460,54.86,66.88,170,"MSB",3050,9.78,518.666666666667,273,NA,NA,NA,NA,1.92098765432099,0.170054644808743,3.48429983934679,14.5021796168576,2.71488833793401,"chill",11.0813148788927,1.19045357220743,1.51346880907372
"207",16,2022,283535,"Antigone canadensis canadensis",NA,"F","0",NA,574,585,581,12.53,8.26,8.58,6.91,10.8,245,243,"Antigone canadensis canadensis",150,455,53.59,56.97,195,"MSB",3100,8.9,580,244,NA,NA,NA,NA,2.38683127572016,0.187096774193548,3.49136169383427,14.5809973582671,2.76342799356294,"chill",8.56015779092702,0.967598097502973,1.57227387996619
"208",23,2022,283536,"Antigone canadensis canadensis","Y","M","0","N",675,683,674,13.18,10.05,9.8,9.52,13.3,309,318,"Antigone canadensis canadensis",175,480,60.33,69.55,195,"MSB",4150,10.44,677.333333333333,313.5,NA,NA,NA,NA,2.12997903563941,0.163212851405622,3.61804809671209,16.070005752935,2.83080244889222,"chill",11.4595660749507,0.949800727726455,1.89127604166667
"209",26,2022,283538,"Antigone canadensis canadensis",NA,"F","0","N",596,606,598,12.36,8.45,8.67,7.65,13.3,296,280,"Antigone canadensis canadensis",175,475,50.17,62.95,175,"MSB",3350,9.02,600,288,NA,NA,NA,NA,2.14285714285714,0.17910447761194,3.52504480703685,14.9628711352849,2.77815125038364,"chill",11.4857142857143,0.977083333333333,1.5590027700831
"210",48,2022,283542,"Antigone canadensis canadensis","Y","M","0",NA,668,665,667,15.31,9.2,10.34,8.58,13.8,296,306,"Antigone canadensis canadensis",NA,NA,NA,NA,NA,"MSB",NA,10.22,666.666666666667,301,NA,NA,NA,NA,2.17864923747277,NA,NA,NA,2.82390874094432,NA,NA,NA,NA
"211",74,2022,283545,"Antigone canadensis canadensis",NA,"M","0","N",638,639,632,13.17,9.91,10.41,8.72,9.6,285,296,"Antigone canadensis canadensis",177,460,56.57,67.35,185,"MSB",3500,10.29,636.333333333333,290.5,NA,NA,NA,NA,2.14977477477477,0.181809523809524,3.54406804435028,15.1829448593783,2.803684673674,"chill",10.7377647918188,0.90758643474529,1.73676748582231
"212",6,2022,283532,"Antigone canadensis tabida",NA,"F","0","N",634,633,640,14.66,10.53,10.73,9.87,17,272,275,"Antigone canadensis tabida",180,520,75.77,91.11,220,"MSB",5050,11.75,635.666666666667,273.5,NA,NA,NA,NA,2.31151515151515,0.125874587458746,3.70329137811866,17.1565697162171,2.80322943832634,"chill",10.9555785123967,1.3122657699437,1.96098372781065
"213",75,2022,283546,"Antigone canadensis canadensis",NA,"M","0","N",627,630,623,14.08,8.89,9.37,8.74,11.9,295,291,"Antigone canadensis canadensis",170,495,56.42,73.47,175,"MSB",3600,9.82,626.666666666667,293,NA,NA,NA,NA,2.15349369988545,0.174074074074074,3.55630250076729,15.3261886478711,2.79703659454402,"chill",12.3428571428571,0.962539610683567,1.54269972451791
"214",11,2022,283533,"Antigone canadensis canadensis",NA,"M","0","Y",588,591,596,14.68,9.57,10.63,9.4,13,313,305,"Antigone canadensis canadensis",157,497,59.18,72.37,185,"MSB",3600,9.64,591.666666666667,309,NA,NA,NA,NA,1.93989071038251,0.164351851851852,3.55630250076729,15.3261886478711,2.77207710267145,"chill",11.0445580715851,1.07978575679429,1.5303086122368
"215",NA,NA,43175,"Antigone canadensis canadensis",NA,"F",NA,NA,NA,NA,NA,NA,NA,NA,NA,NA,NA,NA,NA,162,451,57.4,68,175,"NMDGF",3169,NA,601,NA,"3",NA,"Adult",9.3,NA,0.189649731776586,3.5009222391903,14.6883860941191,2.77887447200274,"chill",10.8651428571429,0.921218379794076,1.6359064114729
"216",NA,NA,41474,"Antigone canadensis canadensis",NA,"M",NA,NA,NA,NA,NA,NA,NA,NA,NA,NA,NA,NA,NA,161,461,62.7,72.5,179,"NMDGF",3150,NA,677,NA,"3",NA,"Adult",8.9,NA,0.214920634920635,3.4983105537896,14.6589720887824,2.83058866868514,"chill",10.3227115258575,0.721643186444672,1.55631678751747
"217",NA,NA,45924,"Antigone canadensis canadensis",NA,"M",NA,NA,NA,NA,NA,NA,NA,NA,NA,NA,NA,NA,NA,172,462,62.8,74.1,191,"NMDGF",3559,NA,662,NA,"2",NA,"Adult",9.8,NA,0.186007305422872,3.55132798800385,15.2677836074633,2.8208579894397,"chill",10.2435514377347,0.852709905897171,1.75078709169618
"218",NA,NA,46662,"Antigone canadensis canadensis",NA,"M",NA,NA,NA,NA,NA,NA,NA,NA,NA,NA,NA,NA,NA,173,469,66.2,76.1,194,"NMDGF",3523,NA,674,NA,"2",NA,"Adult",9.9,NA,0.191314220834516,3.54691264318124,15.2161301528044,2.82865989653532,"chill",9.82875438410033,0.814295714499555,1.68172994303536
"219",NA,NA,45788,"Antigone canadensis canadensis",NA,"F",NA,NA,NA,NA,NA,NA,NA,NA,NA,NA,NA,NA,NA,160,443,63,72.3,182,"NMDGF",2755,NA,625,NA,"3",NA,"Adult",8.8,NA,0.226860254083485,3.4401216031878,14.0186825406657,2.79588001734408,"chill",8.73309382924768,0.740544,1.47402024978471
"220",NA,NA,40172,"Antigone canadensis canadensis",NA,"F",NA,NA,NA,NA,NA,NA,NA,NA,NA,NA,NA,NA,NA,158,429,62.3,69.3,189,"NMDGF",2990,NA,554,NA,"3",NA,"Adult",9.5,NA,0.185284280936455,3.47567118832443,14.4064528692515,2.74350976472843,"chill",8.78894767783657,1.02291832292875,1.70586988768807
"221",NA,NA,43185,"Antigone canadensis canadensis",NA,"F",NA,NA,NA,NA,NA,NA,NA,NA,NA,NA,NA,NA,NA,174,456,66.4,75.7,191,"NMDGF",3480,NA,567,NA,"3",NA,"Adult",9.2,NA,0.162931034482759,3.54157924394658,15.1539697033502,2.75358305889291,"chill",10.0161728022806,1.13658632177151,1.75727146814404
"222",NA,NA,40067,"Antigone canadensis canadensis",NA,"M",NA,NA,NA,NA,NA,NA,NA,NA,NA,NA,NA,NA,NA,180,479,58.6,67.7,183,"NMDGF",3318,NA,674,NA,"3",NA,"Adult",10,NA,0.203134418324292,3.52087638168834,14.915075653299,2.82865989653532,"chill",10.403117441548,0.766912625804577,1.51842957448756
"223",NA,NA,44687,"Antigone canadensis canadensis",NA,"F",NA,NA,NA,NA,NA,NA,NA,NA,NA,NA,NA,NA,NA,176,NA,59.7,69.1,189,"NMDGF",3222,NA,614,NA,"3",NA,"Adult",9.3,NA,0.19056486654252,3.5081255360832,14.7698191872938,2.78816837114117,"chill",9.47089947089947,0.897383526615667,NA
"224",NA,NA,44723,"Antigone canadensis canadensis",NA,"F",NA,NA,NA,NA,NA,NA,NA,NA,NA,NA,NA,NA,NA,159,437,55.5,65.5,177,"NMDGF",2981,NA,500,NA,"3",NA,"Adult",8.9,NA,0.167728950016773,3.47436197603263,14.3919837069861,2.69897000433602,NA,9.99090299722302,1.25202,1.6390356550016
"225",NA,NA,43899,"Antigone canadensis canadensis",NA,"F",NA,NA,NA,NA,NA,NA,NA,NA,NA,NA,NA,NA,NA,159,450,56.4,67,177,"NMDGF",3262,NA,392,NA,"3",NA,"Adult",9.1,NA,0.120171673819742,3.51348395670426,14.8306886951465,2.59328606702046,NA,10.9326821794503,2.22895408163265,1.69140740740741
"226",NA,NA,43322,"Antigone canadensis canadensis",NA,"F",NA,NA,NA,NA,NA,NA,NA,NA,NA,NA,NA,NA,NA,164,433,60.5,72.1,187,"NMDGF",3106,NA,570,NA,"3",NA,"Adult",8.9,NA,0.183515775917579,3.49220145139254,14.5903983907609,2.75587485567249,"chill",9.3262604020704,1.00378578024007,1.73946204844018
"227",NA,NA,44712,"Antigone canadensis canadensis",NA,"F",NA,NA,NA,NA,NA,NA,NA,NA,NA,NA,NA,NA,NA,168,457,58,68.7,172,"NMDGF",3172,NA,580,NA,"3",NA,"Adult",9,NA,0.182849936948298,3.50133317864557,14.6930196547085,2.76342799356294,"chill",11.2581124932396,0.990071343638526,1.59474069782474
"228",NA,NA,47732,"Antigone canadensis canadensis",NA,"M",NA,NA,NA,NA,NA,NA,NA,NA,NA,NA,NA,NA,NA,165,456,68.4,77.8,196,"NMDGF",4034,NA,663,NA,"3",NA,"Adult",9.4,NA,0.164352999504214,3.60573589387675,15.9188600481704,2.82151352840477,"chill",11.0258746355685,0.96360298383189,2.03702100646353
"229",NA,NA,46157,"Antigone canadensis canadensis",NA,"F",NA,NA,NA,NA,NA,NA,NA,NA,NA,NA,NA,NA,NA,159,441,66.7,75.5,183,"NMDGF",3340,NA,579,NA,"2",NA,"Adult",9.9,NA,0.173353293413174,3.52374646681156,14.9479678673206,2.76267856372744,"chill",10.4720953148795,1.0461130947587,1.80326098693446
"230",NA,NA,44474,"Antigone canadensis canadensis",NA,"M",NA,NA,NA,NA,NA,NA,NA,NA,NA,NA,NA,NA,NA,173,476,60,70.7,204,"NMDGF",4237,NA,653,NA,"3",NA,"Adult",9.4,NA,0.154118480056644,3.62705846400099,16.1815264702016,2.81491318127507,"sus",10.6902393310265,1.04332929183014,1.96351334651508
"231",NA,NA,40510,"Antigone canadensis canadensis",NA,"M",NA,NA,NA,NA,NA,NA,NA,NA,NA,NA,NA,NA,NA,175,448,59.8,71.9,190,"NMDGF",3403,NA,604,NA,"3",NA,"Adult",9.1,NA,0.177490449603291,3.53186194909581,15.0413672930784,2.78103693862113,"chill",9.89792243767313,0.979438950046051,1.78030831473214
"232",NA,NA,40668,"Antigone canadensis tabida",NA,"M",NA,NA,NA,NA,NA,NA,NA,NA,NA,NA,NA,NA,NA,197,543,89.4,106,256,"NMDGF",6106,NA,800,NA,"2",NA,"Adult",11.1,NA,0.131018670160498,3.78575679996264,18.2775900945208,2.90308998699194,"chill",9.78286743164062,1.001765625,2.17443504980515
"233",NA,NA,41362,"Antigone canadensis tabida",NA,"M",NA,NA,NA,NA,NA,NA,NA,NA,NA,NA,NA,NA,NA,200,522,92.2,107.9,243,"NMDGF",6046,NA,785,NA,"2",NA,"Adult",12,NA,0.129837909361561,3.7814681428418,18.2175252837974,2.89486965674525,"chill",10.7509017934258,1.03019189419449,2.32978817104858
"234",NA,NA,41750,"Antigone canadensis tabida",NA,"F",NA,NA,NA,NA,NA,NA,NA,NA,NA,NA,NA,NA,NA,200,529,77.7,88.8,254,"NMDGF",5755,NA,725,NA,"2",NA,"Adult",11,NA,0.125977410947003,3.76004532796581,17.9204306736418,2.86033800657099,"chill",9.36628123256247,1.14963139120095,2.15935120300456
"235",NA,NA,40977,"Antigone canadensis tabida",NA,"F",NA,NA,NA,NA,NA,NA,NA,NA,NA,NA,NA,NA,NA,201,530,82.5,93.7,247,"NMDGF",5210,NA,682,NA,"2",NA,"Adult",10,NA,0.130902111324376,3.71683772329952,17.3358806249764,2.83378437465648,"chill",8.96670982969726,1.1761379761096,1.94749021003916
"236",NA,NA,42298,"Antigone canadensis tabida",NA,"F",NA,NA,NA,NA,NA,NA,NA,NA,NA,NA,NA,NA,NA,194,503,77.7,90.9,236,"NMDGF",5299,NA,682,NA,"2",NA,"Adult",10.2,NA,0.12870352896773,3.72419391951433,17.4340373943697,2.83378437465648,"chill",9.98985564492962,1.19622939259208,2.19911149405752
"237",NA,NA,44665,"Antigone canadensis tabida",NA,"F",NA,NA,NA,NA,NA,NA,NA,NA,NA,NA,NA,NA,NA,195,496,78.8,94.6,229,"NMDGF",5064,NA,666,NA,"2",NA,"Adult",10.5,NA,0.131516587677725,3.7044936970093,17.1724093437858,2.8234742291703,"chill",10.1393947483839,1.19876633390147,2.16132284079084
"238",NA,NA,40770,"Antigone canadensis tabida",NA,"M",NA,NA,NA,NA,NA,NA,NA,NA,NA,NA,NA,NA,NA,208,530,83.4,98.8,244,"NMDGF",5905,NA,731,NA,"2",NA,"Adult",12.6,NA,0.123793395427604,3.77121990194953,18.0747916837947,2.86391737695786,"chill",10.4142871539909,1.16031110054813,2.20728017087932
"239",NA,NA,42454,"Antigone canadensis tabida",NA,"M",NA,NA,NA,NA,NA,NA,NA,NA,NA,NA,NA,NA,NA,207,534,81.4,96.4,232,"NMDGF",5392,NA,758,NA,"3",NA,"Adult",13.2,NA,0.140578635014837,3.73174988352726,17.5354383910929,2.87966920563205,"chill",10.518727705113,0.985373256939175,1.98543954887851
"240",NA,NA,43320,"Antigone canadensis tabida",NA,"M",NA,NA,NA,NA,NA,NA,NA,NA,NA,NA,NA,NA,NA,195,522,82.8,99,245,"NMDGF",5770,NA,802,NA,"3",NA,"Adult",11.2,NA,0.138994800693241,3.76117581315573,17.9359866108571,2.90417436828416,"chill",10.0932944606414,0.941925112406018,2.22343330250584
"241",NA,NA,42991,"Antigone canadensis tabida",NA,"M",NA,NA,NA,NA,NA,NA,NA,NA,NA,NA,NA,NA,NA,198,511,86.2,101.3,249,"NMDGF",5155,NA,695,NA,"3",NA,"Adult",12.5,NA,0.134820562560621,3.71222866961954,17.2746619171041,2.84198480459011,"chill",8.73010112740117,1.1205941721443,2.07288957992655
"242",NA,NA,40320,"Antigone canadensis tabida",NA,"M",NA,NA,NA,NA,NA,NA,NA,NA,NA,NA,NA,NA,NA,211,534,90.9,107,247,"NMDGF",5807,NA,788,NA,"3",NA,"Adult",10.8,NA,0.135698295161013,3.76395182603332,17.9742429961238,2.89652621748956,"chill",9.99418118638234,0.981948452678503,2.13825064175399
"243",NA,NA,45745,"Antigone canadensis tabida",NA,"F",NA,NA,NA,NA,NA,NA,NA,NA,NA,NA,NA,NA,NA,185,511,81.7,98.2,231,"NMDGF",5141,NA,717,NA,"3",NA,"Adult",10.5,NA,0.139467029760747,3.71104760386703,17.2590095063041,2.8555191556678,"chill",10.1160960251869,1.05002246692693,2.06726000589765
"244",NA,NA,41030,"Antigone canadensis tabida",NA,"M",NA,NA,NA,NA,NA,NA,NA,NA,NA,NA,NA,NA,NA,197,533,89.3,106.2,247,"NMDGF",6121,NA,768,NA,"3",NA,"Adult",11.8,NA,0.125469694494364,3.78682237949919,18.2925447649908,2.88536122003151,"chill",10.5345932567326,1.08965555826823,2.26233680290332
"245",NA,NA,46967,"Antigone canadensis tabida",NA,"F",NA,NA,NA,NA,NA,NA,NA,NA,NA,NA,NA,NA,NA,183,509,87.2,102.3,218,"NMDGF",4992,NA,721,NA,"3",NA,"Adult",10.9,NA,0.14443108974359,3.69827457667437,17.0906347267917,2.85793526471943,"chill",11.029374631765,1.00830830965622,2.02315106086513
"246",NA,NA,46649,"Antigone canadensis tabida",NA,"F",NA,NA,NA,NA,NA,NA,NA,NA,NA,NA,NA,NA,NA,197,514,79.5,91.3,231,"NMDGF",5256,NA,710,NA,"3",NA,"Adult",11.9,NA,0.135083713850837,3.72065535655172,17.3867517068787,2.85125834871908,"chill",10.3423848878394,1.09478278119421,2.08890369271299
"247",NA,NA,45399,"Antigone canadensis tabida",NA,"F",NA,NA,NA,NA,NA,NA,NA,NA,NA,NA,NA,NA,NA,197,516,82.7,98.6,239,"NMDGF",5147,NA,686,NA,"3",NA,"Adult",12,NA,0.133281523217408,3.71155416825017,17.2657211575762,2.83632411570675,"chill",9.46123142101854,1.14840542631047,2.02975707589688
"248",NA,NA,44586,"Antigone canadensis tabida",NA,"M",NA,NA,NA,NA,NA,NA,NA,NA,NA,NA,NA,NA,NA,206,546,76.8,92.7,241,"NMDGF",6127,NA,779,NA,"3",NA,"Adult",11,NA,0.127142157662804,3.78724788033195,18.2985197922865,2.89153745767256,"chill",11.0765138341282,1.06013766373729,2.1580022541561
"249",NA,NA,45166,"Antigone canadensis tabida",NA,"F",NA,NA,NA,NA,NA,NA,NA,NA,NA,NA,NA,NA,NA,192,514,81.2,93.8,235,"NMDGF",5285,NA,645,NA,"3",NA,"Adult",12,NA,0.122043519394513,3.72304499164344,17.4186702313652,2.80955971463527,"chill",10.0484382073336,1.33387416621597,2.10042922678617
"250",NA,NA,40147,"Antigone canadensis tabida",NA,"F",NA,NA,NA,NA,NA,NA,NA,NA,NA,NA,NA,NA,NA,193,526,87.8,99.7,246,"NMDGF",5222,NA,730,NA,"3",NA,"Adult",11,NA,0.139793182688625,3.71783686748693,17.3491801166713,2.86332286012046,"chill",9.06057902042435,1.02891724526178,1.98177651838251
"251",NA,NA,46757,"Antigone canadensis tabida",NA,"M",NA,NA,NA,NA,NA,NA,NA,NA,NA,NA,NA,NA,NA,185,500,93,106.7,244,"NMDGF",5195,NA,739,NA,"3",NA,"Adult",11.8,NA,0.142252165543792,3.7155855518932,17.3192275113406,2.86864443839483,"chill",9.16210360118248,0.998817111958705,2.1819
"252",NA,NA,43569,"Antigone canadensis tabida",NA,"M",NA,NA,NA,NA,NA,NA,NA,NA,NA,NA,NA,NA,NA,210,531,80.6,95.7,246,"NMDGF",5691,NA,784,NA,"3",NA,"Adult",12,NA,0.137761377613776,3.75518858560832,17.8537532613985,2.89431606268444,"chill",9.87433075550268,0.972177933673469,2.1192824539564
"253",NA,NA,48263,"Antigone canadensis tabida",NA,"M",NA,NA,NA,NA,NA,NA,NA,NA,NA,NA,NA,NA,NA,196,522,88.2,102.5,262,"NMDGF",5825,NA,749,NA,"3",NA,"Adult",11.8,NA,0.128583690987124,3.76529592969806,17.9927954706696,2.87448181769947,"chill",8.91010139269273,1.09023869832674,2.24462720746906
"254",NA,NA,48661,"Antigone canadensis tabida",NA,"M",NA,NA,NA,NA,NA,NA,NA,NA,NA,NA,NA,NA,NA,199,521,87.1,99.3,250,"NMDGF",5238,NA,778,NA,"3",NA,"Adult",11.8,NA,0.148529973272241,3.71916549408921,17.3668811161872,2.89097959698969,"chill",8.79984,0.908647841343898,2.02618616937014
"255",NA,NA,49343,"Antigone canadensis tabida",NA,"M",NA,NA,NA,NA,NA,NA,NA,NA,NA,NA,NA,NA,NA,194,514,97.3,113.8,247,"NMDGF",5273,NA,820,NA,"2",NA,"Adult",12.5,NA,0.155509197800114,3.72205777133146,17.4054767627828,2.91381385238372,"chill",9.07513645527709,0.823416121356336,2.09566004027313
"256",NA,NA,48831,"Antigone canadensis tabida",NA,"F",NA,NA,NA,NA,NA,NA,NA,NA,NA,NA,NA,NA,NA,190,502,84.4,98.7,212,"NMDGF",4854,NA,724,NA,"2",NA,"Adult",11.4,NA,0.149155335805521,3.68609977199592,16.9316750120634,2.85973856619715,"chill",11.3401121395514,0.972326088947224,2.02246789733496
"257",NA,NA,45400,"Antigone canadensis tabida",NA,"F",NA,NA,NA,NA,NA,NA,NA,NA,NA,NA,NA,NA,NA,185,493,83.1,96.1,227,"NMDGF",5140,NA,692,NA,"2",NA,"Adult",11,NA,0.134630350194553,3.71096311899528,17.2578903901354,2.84010609445676,"chill",10.4737138310466,1.12704233352267,2.22053989113306
"258",NA,NA,48220,"Antigone canadensis tabida",NA,"F",NA,NA,NA,NA,NA,NA,NA,NA,NA,NA,NA,NA,NA,194,509,86.6,102.2,220,"NMDGF",4705,NA,668,NA,"3",NA,"Adult",11.1,NA,0.141976620616366,3.67255962776328,16.7566246907685,2.82477646247555,"chill",10.2071280991736,1.10712332819391,1.90683608601171
"259",NA,NA,42489,"Antigone canadensis tabida",NA,"F",NA,NA,NA,NA,NA,NA,NA,NA,NA,NA,NA,NA,NA,189,506,78.5,91.8,239,"NMDGF",5132,NA,714,NA,"3",NA,"Adult",11.9,NA,0.13912704598597,3.71028664770289,17.2489322310433,2.85369821177617,"chill",9.43365837432818,1.05701103971,2.10462591198113
"260",NA,NA,42530,"Antigone canadensis tabida",NA,"F",NA,NA,NA,NA,NA,NA,NA,NA,NA,NA,NA,NA,NA,186,474,82.7,99.4,232,"NMDGF",5165,NA,614,NA,"3",NA,"Adult",10.2,NA,0.118877057115198,3.71307032585564,17.2858248681377,2.78816837114117,"chill",10.0758955112961,1.4385431145158,2.41380921860813
"261",NA,NA,42820,"Antigone canadensis tabida",NA,"M",NA,NA,NA,NA,NA,NA,NA,NA,NA,NA,NA,NA,NA,209,535,89.1,104.1,236,"NMDGF",6086,NA,568,NA,"2",NA,"Adult",8.9,NA,0.0933289516924088,3.78433194802215,18.2576123869464,2.75434833571102,"sus",11.4735349037633,1.98072679031938,2.23261420211372
"262",NA,NA,42781,"Antigone canadensis canadensis",NA,"F",NA,NA,NA,NA,NA,NA,NA,NA,NA,NA,NA,NA,NA,157,442,56.2,66.3,186,"NMDGF",2857,NA,492,NA,"3",NA,"Immature",10.5,NA,0.172208610430522,3.45591024038274,14.1895976185268,2.69196510276736,NA,8.67108914325356,1.23927969462621,1.53551831453082
"263",NA,NA,41080,"Antigone canadensis canadensis",NA,"F",NA,NA,NA,NA,NA,NA,NA,NA,NA,NA,NA,NA,NA,159,446,57.1,67,191,"NMDGF",3033,NA,522,NA,"3",NA,"Immature",10.2,NA,0.172106824925816,3.48187241031066,14.4751854612156,2.71767050300226,NA,8.72961267509114,1.16874752279033,1.60100243318788
"264",NA,NA,42763,"Antigone canadensis canadensis",NA,"M",NA,NA,NA,NA,NA,NA,NA,NA,NA,NA,NA,NA,NA,160,435,63.3,73.8,187,"NMDGF",3393,NA,635,NA,"3",NA,"Immature",10.2,NA,0.187150014736222,3.53058385964512,15.0266193992282,2.80277372529198,"chill",10.1880236781149,0.883538967077934,1.88275862068966
"265",NA,NA,41455,"Antigone canadensis canadensis",NA,"M",NA,NA,NA,NA,NA,NA,NA,NA,NA,NA,NA,NA,NA,161,462,64.4,74.8,191,"NMDGF",3305,NA,609,NA,"3",NA,"Immature",9.2,NA,0.184266263237519,3.51917146382166,14.8955709551102,2.78461729263288,"chill",9.51248595159124,0.935677481456316,1.62583628492719
"266",NA,NA,43459,"Antigone canadensis canadensis",NA,"M",NA,NA,NA,NA,NA,NA,NA,NA,NA,NA,NA,NA,NA,160,454,62.1,72.9,212,"NMDGF",3498,NA,634,NA,"3",NA,"Immature",9.7,NA,0.181246426529445,3.54381980514266,15.1800523188512,2.80208925788173,"chill",8.17216981132075,0.913756729592294,1.78195773253896
"267",NA,NA,49968,"Antigone canadensis canadensis",NA,"M",NA,NA,NA,NA,NA,NA,NA,NA,NA,NA,NA,NA,NA,154,459,56.6,67.5,195,"NMDGF",3586,NA,636,NA,"3",NA,"Immature",9.5,NA,0.177356385945343,3.55461028522616,15.3062955566212,2.80345711564841,"chill",9.90216962524655,0.930862109884894,1.78720435160266
